"ID ảnh","ID loài","Tên","Câu được / gộp","Tên khoa học đại diện","Nhóm","Định danh","Nhỏ (kg)","Thường gặp (kg)","Trung điểm thiết kế (kg)","Lớn (kg)","Cực lớn trong game (kg)","Trần game (kg)","Cỡ nhỏ ước tính (cm)","Cỡ thường ước tính (cm)","Cỡ lớn ước tính (cm)","Cỡ cực lớn ước tính (cm)","Cách đo cỡ","Sức tương đối cùng cân nặng /10","Sức kéo nhỏ /10","Sức kéo thường /10","Sức kéo lớn /10","Sức kéo cực lớn /10","Chiều dài tối đa công bố (cm)","Cách đo công bố TL/SL/FL","Khối lượng tối đa công bố (kg)","Map","Mồi ưu tiên trước","Kỹ thuật","Tầng nước","Nhận dạng","Môi trường","Thức ăn","Kiểu kéo","Lưu ý","File ảnh","Nguồn","Phương pháp"
"fish_01","fish_01","Cá chép","Có","Cyprinus carpio","fish","species_profile","0.08–0.3","0.3–2","1.15","2–8.5","8.5–12","12","14.2–22","22–45","45–75.3","75.3–85","Chiều dài","6.1","1.5–2.5","2.5–5.2","5.2–7.8","7.8–8.4","129","TL","40.1","Ao Làng · Hồ Núi · Hồ Dịch Vụ · Kênh Miền Tây · Sông Bãi Bồi · Lòng Đập","Giun > Ngô > Mồi bột","Câu đơn / Câu Đài / Câu đáy","bottom","Thân dày, vảy lớn; miệng có hai đôi râu, vây lưng dài.","Ao, hồ và sông chảy chậm; tìm bãi bùn và vùng trống gần thực vật.","Ăn tạp: sinh vật đáy, hạt và thực vật.","Ghì đều, bứt từng nhịp","Quần thể ở Hồ Dịch Vụ là cá thả nuôi.","public/assets/fish/fish_01.webp","https://www.fishbase.se/summary/Cyprinus-carpio.html","Kích cỡ thường gặp, trung điểm, chiều dài ước tính, mồi ưu tiên, phân bố map, xác suất và sức kéo là tham số mô phỏng. Không phải trung bình quần thể khảo sát tại Việt Nam. Cỡ cực lớn công bố là tham chiếu riêng, TL/SL/FL không quy đổi lẫn nhau. Định danh đại diện cần đối chiếu ảnh/mẫu; ảnh người dùng chưa có trong repository."
"fish_02","fish_02","Cá diếc","Có","Carassius auratus","fish","representative","0.03–0.1","0.1–0.35","0.22499999999999998","0.35–0.5774999999999999","0.5774999999999999–0.7","0.7","8–12","12–23","23–29.3","29.3–32","Chiều dài","3.6","1.1–1.4","1.4–2","2–2.4","2.4–2.5","48","TL","1.6","Ao Làng · Hồ Núi · Hồ Dịch Vụ","Giun > Mồi bột","Câu đơn / Câu Đài","bottom","Thân cao dẹp, bạc hoặc vàng xám; không có râu miệng.","Ao, hồ, nước chậm và nhiều cây thủy sinh.","Sinh vật nhỏ, mùn hữu cơ và thực vật.","Đảo hướng, bứt ngắn","Tên diếc có thể chỉ nhiều loài Carassius; dùng dạng hoang màu bạc, không dùng cá vàng cảnh.","public/assets/fish/fish_02.webp","https://www.fishbase.se/summary/Carassius-auratus.html","Kích cỡ thường gặp, trung điểm, chiều dài ước tính, mồi ưu tiên, phân bố map, xác suất và sức kéo là tham số mô phỏng. Không phải trung bình quần thể khảo sát tại Việt Nam. Cỡ cực lớn công bố là tham chiếu riêng, TL/SL/FL không quy đổi lẫn nhau. Định danh đại diện cần đối chiếu ảnh/mẫu; ảnh người dùng chưa có trong repository."
"fish_03","fish_03","Cá rô đồng","Có","Anabas testudineus","fish","species_profile","0.025–0.06","0.06–0.18","0.12","0.18–0.2905","0.2905–0.35","0.35","6.7–9","9–16","16–21.6","21.6–24","Chiều dài","4.7","1.1–1.3","1.3–1.8","1.8–2.1","2.1–2.3","25","TL","","Ao Làng · Kênh Đồng · Kênh Miền Tây","Giun > Dế > Tôm","Câu đơn / Câu Đài","mid","Thân dẹp, vảy cứng; vây lưng gai, nắp mang có răng cưa.","Ao, ruộng ngập và kênh nước ngọt, gần cỏ và vật trú.","Côn trùng, giáp xác nhỏ và một phần thực vật.","Đảo hướng, bứt ngắn","Có cơ quan hô hấp phụ; cá không cần liên tục nổi mặt để cắn mồi.","public/assets/fish/fish_03.webp","https://www.fishbase.se/summary/Anabas-testudineus.html","Kích cỡ thường gặp, trung điểm, chiều dài ước tính, mồi ưu tiên, phân bố map, xác suất và sức kéo là tham số mô phỏng. Không phải trung bình quần thể khảo sát tại Việt Nam. Cỡ cực lớn công bố là tham chiếu riêng, TL/SL/FL không quy đổi lẫn nhau. Định danh đại diện cần đối chiếu ảnh/mẫu; ảnh người dùng chưa có trong repository."
"fish_04","fish_04","Cá lóc","Có","Channa striata","fish","species_profile","0.1–0.3","0.3–1.2","0.75","1.2–2.37","2.37–3","3","17.3–25","25–48","48–67.2","67.2–75","Chiều dài","8.1","1.8–3","3–5.4","5.4–6.9","6.9–7.5","100","SL","3","Ao Làng · Kênh Đồng · Hồ Núi · Lòng Đập · Suối Đại Ngàn · Kênh Miền Tây","Mồi mềm > Crankbait > Popper nhái > Cá mồi > Tôm","Lure / Câu đơn / Câu đáy","mid","Đầu dẹt như đầu rắn, miệng lớn; vây lưng dài, thân nâu có vân tối.","Nước ngọt chậm, bờ cỏ, ao và kênh; phục kích gần chỗ trú.","Cá nhỏ, ếch, giáp xác và côn trùng.","Chạy dài, đổi hướng","Mồi cá/tôm cũng phù hợp với câu tự nhiên; lure cần được thu để kích thích đuổi.","public/assets/fish/fish_04.webp","https://www.fishbase.se/summary/Channa-striata.html","Kích cỡ thường gặp, trung điểm, chiều dài ước tính, mồi ưu tiên, phân bố map, xác suất và sức kéo là tham số mô phỏng. Không phải trung bình quần thể khảo sát tại Việt Nam. Cỡ cực lớn công bố là tham chiếu riêng, TL/SL/FL không quy đổi lẫn nhau. Định danh đại diện cần đối chiếu ảnh/mẫu; ảnh người dùng chưa có trong repository."
"fish_05","fish_05","Cá trê vàng","Có","Clarias macrocephalus","fish","species_profile","0.08–0.2","0.2–0.7","0.44999999999999996","0.7–1.025","1.025–1.2","1.2","14.7–20","20–35","35–41.9","41.9–45","Chiều dài","6.4","1.6–2.2","2.2–3.7","3.7–4.3","4.3–4.5","","","","Ao Làng · Kênh Đồng · Kênh Miền Tây","Giun > Tôm","Câu đơn / Câu đáy","bottom","Đầu rộng, da trơn, bốn đôi râu; vây lưng và hậu môn kéo dài, đuôi tròn.","Ao bùn, ruộng ngập, kênh chậm; sát đáy và vật trú.","Côn trùng thủy sinh, tôm và cá nhỏ.","Ghì sát đáy, bứt nặng","Màu vàng nâu biến thiên; không mặc định mọi cá thể có da vàng tươi.","public/assets/fish/fish_05.webp","https://www.fishbase.se/summary/Clarias-macrocephalus.html","Kích cỡ thường gặp, trung điểm, chiều dài ước tính, mồi ưu tiên, phân bố map, xác suất và sức kéo là tham số mô phỏng. Không phải trung bình quần thể khảo sát tại Việt Nam. Cỡ cực lớn công bố là tham chiếu riêng, TL/SL/FL không quy đổi lẫn nhau. Định danh đại diện cần đối chiếu ảnh/mẫu; ảnh người dùng chưa có trong repository."
"fish_06","fish_06","Cá rô phi vằn","Có","Oreochromis niloticus","fish","species_profile","0.05–0.2","0.2–0.8","0.5","0.8–2.2300000000000004","2.2300000000000004–3","3","9.4–15","15–30","30–44.7","44.7–50","Chiều dài","5","1.3–1.9","1.9–3.2","3.2–4.6","4.6–5","60","SL","4.3","Ao Làng · Kênh Đồng · Hồ Núi · Hồ Dịch Vụ · Kênh Miền Tây","Giun > Mồi bột","Câu đơn / Câu Đài","mid","Thân cao dẹp; các vạch ngang rõ trên vây đuôi, vây lưng gai dài.","Ao, hồ, kênh nước ngọt; đàn nhỏ gần bờ và vùng có thức ăn.","Tảo, thực vật, mùn và động vật nhỏ.","Đảo hướng, bứt ngắn","Dùng rô phi vằn; điêu hồng là dạng nuôi, không thêm một loài.","public/assets/fish/fish_06.webp","https://www.fishbase.se/summary/Oreochromis-niloticus.html","Kích cỡ thường gặp, trung điểm, chiều dài ước tính, mồi ưu tiên, phân bố map, xác suất và sức kéo là tham số mô phỏng. Không phải trung bình quần thể khảo sát tại Việt Nam. Cỡ cực lớn công bố là tham chiếu riêng, TL/SL/FL không quy đổi lẫn nhau. Định danh đại diện cần đối chiếu ảnh/mẫu; ảnh người dùng chưa có trong repository."
"fish_07","fish_07","Cá trắm cỏ","Có","Ctenopharyngodon idella","fish","species_profile","0.2–1","1–5","3","5–21.25","21.25–30","30","20.5–35","35–70","70–111.7","111.7–125","Chiều dài","8.1","2.5–5.1","5.1–8.7","8.7–10","10–10","150","TL","45","Ao Làng · Hồ Núi · Hồ Dịch Vụ · Lòng Đập","Rong lá > Ngô > Mồi bột","Câu Đài / Câu đáy","bottom","Thân thuôn, vảy lớn viền sẫm; miệng không râu, lưng xanh ô liu.","Ao/hồ thả nuôi và hồ rộng, gần thảm thực vật.","Cỏ và cây thủy sinh; cá non ăn thêm động vật nhỏ.","Chạy dài, đổi hướng","fish_55 là ảnh thay thế của fish_07 theo lựa chọn người dùng; không tạo mục sưu tập thứ hai.","public/assets/fish/fish_07.webp","https://www.fishbase.se/summary/Ctenopharyngodon-idella.html","Kích cỡ thường gặp, trung điểm, chiều dài ước tính, mồi ưu tiên, phân bố map, xác suất và sức kéo là tham số mô phỏng. Không phải trung bình quần thể khảo sát tại Việt Nam. Cỡ cực lớn công bố là tham chiếu riêng, TL/SL/FL không quy đổi lẫn nhau. Định danh đại diện cần đối chiếu ảnh/mẫu; ảnh người dùng chưa có trong repository."
"fish_08","fish_08","Cá mè trắng","Có","Hypophthalmichthys molitrix","fish","species_profile","0.2–0.7","0.7–3","1.85","3–10.8","10.8–15","15","19.8–30","30–58","58–89.5","89.5–100","Chiều dài","4.4","1.8–2.9","2.9–4.6","4.6–6.3","6.3–6.7","","","","Ao Làng · Hồ Núi · Hồ Dịch Vụ","Mồi mây","Câu Đài / Câu đáy","mid","Bạc sáng, đầu nhỏ hơn mè hoa; mắt thấp, bụng có lườn kéo dài.","Ao/hồ thả nuôi, tầng giữa đến tầng trên.","Lọc phiêu sinh, chủ yếu thực vật phù du.","Ghì đều, bứt từng nhịp","Mồi mây là mô phỏng cụm thức ăn phân tán, không mô tả cá mè săn mồi.","public/assets/fish/fish_08.webp","https://www.fishbase.se/summary/Hypophthalmichthys-molitrix.html","Kích cỡ thường gặp, trung điểm, chiều dài ước tính, mồi ưu tiên, phân bố map, xác suất và sức kéo là tham số mô phỏng. Không phải trung bình quần thể khảo sát tại Việt Nam. Cỡ cực lớn công bố là tham chiếu riêng, TL/SL/FL không quy đổi lẫn nhau. Định danh đại diện cần đối chiếu ảnh/mẫu; ảnh người dùng chưa có trong repository."
"fish_09","fish_09","Cá mè hoa","Có","Hypophthalmichthys nobilis","fish","species_profile","0.3–1","1–5","3","5–18","18–25","25","23.4–35","35–70","70–107.5","107.5–120","Chiều dài","6.4","2.6–4.2","4.2–7.1","7.1–9.6","9.6–10","","","","Ao Làng · Hồ Núi · Hồ Dịch Vụ","Mồi mây","Câu Đài / Câu đáy","mid","Đầu lớn, mắt thấp; thân có mảng/đốm tối không đều.","Ao và hồ thả nuôi; vùng nước rộng, tầng giữa.","Lọc phiêu sinh, thường nhiều động vật phù du hơn mè trắng.","Ghì đều, bứt từng nhịp","Đốm và kích thước đầu giúp phân biệt với mè trắng.","public/assets/fish/fish_09.webp","https://www.fishbase.se/summary/Hypophthalmichthys-nobilis.html","Kích cỡ thường gặp, trung điểm, chiều dài ước tính, mồi ưu tiên, phân bố map, xác suất và sức kéo là tham số mô phỏng. Không phải trung bình quần thể khảo sát tại Việt Nam. Cỡ cực lớn công bố là tham chiếu riêng, TL/SL/FL không quy đổi lẫn nhau. Định danh đại diện cần đối chiếu ảnh/mẫu; ảnh người dùng chưa có trong repository."
"fish_10","fish_10","Cá trôi (rohu)","Có","Labeo rohita","fish","representative","0.2–0.7","0.7–3","1.85","3–10.8","10.8–15","15","19.8–30","30–58","58–89.5","89.5–100","Chiều dài","6.7","2.2–3.8","3.8–6.3","6.3–8.9","8.9–9.6","200","TL","45","Ao Làng · Hồ Núi · Hồ Dịch Vụ","Mồi bột > Ngô","Câu Đài / Câu đáy","bottom","Thân thuôn, môi dày có nếp; vảy rõ, vây có thể ánh đỏ.","Ao/hồ thả nuôi ở Việt Nam; tìm tầng thấp và đáy.","Thực vật, tảo, mùn và thức ăn tạp theo tuổi.","Ghì đều, bứt từng nhịp","Tên cá trôi chung chưa đủ định danh; game chọn trôi rohu theo danh mục gốc.","public/assets/fish/fish_10.webp","https://www.fishbase.se/summary/Labeo-rohita.html","Kích cỡ thường gặp, trung điểm, chiều dài ước tính, mồi ưu tiên, phân bố map, xác suất và sức kéo là tham số mô phỏng. Không phải trung bình quần thể khảo sát tại Việt Nam. Cỡ cực lớn công bố là tham chiếu riêng, TL/SL/FL không quy đổi lẫn nhau. Định danh đại diện cần đối chiếu ảnh/mẫu; ảnh người dùng chưa có trong repository."
"fish_11","fish_11","Cá sặc rằn","Có","Trichopodus pectoralis","fish","species_profile","0.02–0.06","0.06–0.18","0.12","0.18–0.2905","0.2905–0.35","0.35","6.9–10","10–17","17–21.9","21.9–24","Chiều dài","3.3","1.1–1.2","1.2–1.6","1.6–1.8","1.8–1.9","25","TL","0.5","Kênh Đồng · Kênh Miền Tây","Giun > Mồi bột","Câu đơn / Câu Đài","mid","Thân dẹp, vân rằn/sọc xiên; vây bụng dạng hai sợi dài.","Ruộng ngập, kênh và đầm nước ngọt nhiều thực vật.","Phiêu sinh, mùn, thực vật và động vật nhỏ.","Đảo hướng, bứt ngắn","Lưỡi nhỏ và mẩu mồi nhỏ; không dùng nhịp bo kéo dài.","public/assets/fish/fish_11.webp","https://www.fishbase.se/summary/Trichopodus-pectoralis.html","Kích cỡ thường gặp, trung điểm, chiều dài ước tính, mồi ưu tiên, phân bố map, xác suất và sức kéo là tham số mô phỏng. Không phải trung bình quần thể khảo sát tại Việt Nam. Cỡ cực lớn công bố là tham chiếu riêng, TL/SL/FL không quy đổi lẫn nhau. Định danh đại diện cần đối chiếu ảnh/mẫu; ảnh người dùng chưa có trong repository."
"fish_12","fish_12","Cá sặc bướm","Có","Trichopodus trichopterus","fish","species_profile","0.008–0.025","0.025–0.06","0.042499999999999996","0.06–0.099","0.099–0.12","0.12","4.1–6","6–10","10–13.5","13.5–15","Chiều dài","2.8","1–1.1","1.1–1.2","1.2–1.3","1.3–1.3","15","SL","","Kênh Đồng","Giun","Câu đơn","mid","Thân dẹp, hai đốm tối ở thân và cuống đuôi; vây bụng dạng sợi.","Kênh, ao nước chậm, vùng cây thủy sinh.","Động vật nhỏ, phiêu sinh và thực vật.","Đảo hướng, bứt ngắn","Ba chấm gồm hai đốm thân cộng mắt; tên Việt theo vùng.","public/assets/fish/fish_12.webp","https://www.fishbase.se/summary/Trichopodus-trichopterus.html","Kích cỡ thường gặp, trung điểm, chiều dài ước tính, mồi ưu tiên, phân bố map, xác suất và sức kéo là tham số mô phỏng. Không phải trung bình quần thể khảo sát tại Việt Nam. Cỡ cực lớn công bố là tham chiếu riêng, TL/SL/FL không quy đổi lẫn nhau. Định danh đại diện cần đối chiếu ảnh/mẫu; ảnh người dùng chưa có trong repository."
"fish_13","fish_13","Cá trê đen","Có","Clarias fuscus","fish","representative","0.05–0.12","0.12–0.35","0.235","0.35–0.5125","0.5125–0.6","0.6","11.2–15","15–25","25–29.8","29.8–32","Chiều dài","5.8","1.3–1.7","1.7–2.6","2.6–3","3–3.2","24.5","SL","","Ao Làng · Sông Bãi Bồi","Giun > Tôm","Câu đơn / Câu đáy","bottom","Da nâu đen, đầu dẹt, bốn đôi râu; đuôi tròn và hai vây dài.","Ao, kênh và vùng nước chậm nước ngọt.","Giun, côn trùng, giáp xác và cá nhỏ.","Ghì sát đáy, bứt nặng","Tên trê đen có thể chỉ trê khác theo vùng; chọn C. fuscus và giữ thành tích cũ.","public/assets/fish/fish_13.webp","https://www.fishbase.se/summary/Clarias-fuscus.html","Kích cỡ thường gặp, trung điểm, chiều dài ước tính, mồi ưu tiên, phân bố map, xác suất và sức kéo là tham số mô phỏng. Không phải trung bình quần thể khảo sát tại Việt Nam. Cỡ cực lớn công bố là tham chiếu riêng, TL/SL/FL không quy đổi lẫn nhau. Định danh đại diện cần đối chiếu ảnh/mẫu; ảnh người dùng chưa có trong repository."
"fish_14","fish_14","Cá trê phi","Có","Clarias gariepinus","fish","species_profile","0.3–1","1–5","3","5–18","18–25","25","23.4–35","35–70","70–115","115–130","Chiều dài","7.5","2.8–4.8","4.8–8.1","8.1–10","10–10","","","","Hồ Dịch Vụ","Giun > Cá mồi","Câu đáy","bottom","Đầu lớn dẹt, da xám nâu loang, bốn đôi râu; thân dài.","Hồ Dịch Vụ với quần thể thả nuôi.","Cá, giáp xác, côn trùng và nhiều thức ăn khác.","Ghì sát đáy, bứt nặng","Loài du nhập; không cho xuất hiện tự do tại Ao Làng.","public/assets/fish/fish_14.webp","https://www.fishbase.se/summary/Clarias-gariepinus.html","Kích cỡ thường gặp, trung điểm, chiều dài ước tính, mồi ưu tiên, phân bố map, xác suất và sức kéo là tham số mô phỏng. Không phải trung bình quần thể khảo sát tại Việt Nam. Cỡ cực lớn công bố là tham chiếu riêng, TL/SL/FL không quy đổi lẫn nhau. Định danh đại diện cần đối chiếu ảnh/mẫu; ảnh người dùng chưa có trong repository."
"fish_15","fish_15","Cá tra","Có","Pangasianodon hypophthalmus","fish","species_profile","0.3–1","1–5","3","5–21.25","21.25–30","30","23.4–35","35–75","75–112.9","112.9–125","Chiều dài","7.2","2.8–4.6","4.6–7.9","7.9–10","10–10","130","SL","44","Kênh Miền Tây · Hồ Núi · Hồ Dịch Vụ","Mồi bột > Tôm > Cám viên","Câu đáy / Câu Đài","mid","Da trơn, thân dài, đuôi chẻ; cá non có sọc, cá lớn thường xám.","Sông/kênh Miền Tây; ở hồ là quần thể thả nuôi.","Ăn tạp, thay đổi theo tuổi; động vật, thực vật và thức ăn viên.","Chạy dài, đổi hướng","Mồi cám phù hợp quần thể đã quen thức ăn nuôi.","public/assets/fish/fish_15.webp","https://www.fishbase.se/summary/Pangasianodon-hypophthalmus.html","Kích cỡ thường gặp, trung điểm, chiều dài ước tính, mồi ưu tiên, phân bố map, xác suất và sức kéo là tham số mô phỏng. Không phải trung bình quần thể khảo sát tại Việt Nam. Cỡ cực lớn công bố là tham chiếu riêng, TL/SL/FL không quy đổi lẫn nhau. Định danh đại diện cần đối chiếu ảnh/mẫu; ảnh người dùng chưa có trong repository."
"fish_16","fish_16","Cá basa","Có","Pangasius bocourti","fish","species_profile","0.3–1","1–4","2.5","4–14.4","14.4–20","20","23.4–35","35–68","68–99.5","99.5–110","Chiều dài","6.9","2.7–4.5","4.5–7.2","7.2–9.8","9.8–10","120","SL","","Kênh Miền Tây","Tôm > Mồi bột > Cám viên","Câu đáy","mid","Thân mập, bụng dày, đầu tròn và mõm tù; đuôi chẻ, da trơn.","Dòng sông lớn lưu vực Mekong, vùng sâu hoặc chảy chậm.","Động vật và thực vật, thức ăn tạp.","Ghì sát đáy, bứt nặng","Đầu và thân mập giúp phân biệt với cá tra.","public/assets/fish/fish_16.webp","https://www.fishbase.se/summary/Pangasius-bocourti.html","Kích cỡ thường gặp, trung điểm, chiều dài ước tính, mồi ưu tiên, phân bố map, xác suất và sức kéo là tham số mô phỏng. Không phải trung bình quần thể khảo sát tại Việt Nam. Cỡ cực lớn công bố là tham chiếu riêng, TL/SL/FL không quy đổi lẫn nhau. Định danh đại diện cần đối chiếu ảnh/mẫu; ảnh người dùng chưa có trong repository."
"fish_17","fish_17","Cá lăng đuôi đỏ","Có","Hemibagrus wyckioides","fish","species_profile","0.3–1","1–6","3.5","6–24.85","24.85–35","35","23.4–35","35–80","80–114.1","114.1–125","Chiều dài","8.6","3.1–5.3","5.3–9.7","9.7–10","10–10","130","TL","86","Sông Bãi Bồi · Hồ Núi · Lòng Đập · Kênh Miền Tây","Tôm > Cá mồi","Câu đáy","bottom","Da trơn, râu dài; cá lớn có vây đuôi đỏ rõ, cá non đuôi nhạt.","Sông và hồ lớn, vùng đáy sâu có dòng chảy.","Cá, tôm và động vật thủy sinh.","Ghì sát đáy, bứt nặng","Map là môi trường đại diện, không khẳng định có mặt ở mọi sông Việt Nam.","public/assets/fish/fish_17.webp","https://www.fishbase.se/summary/Hemibagrus-wyckioides.html","Kích cỡ thường gặp, trung điểm, chiều dài ước tính, mồi ưu tiên, phân bố map, xác suất và sức kéo là tham số mô phỏng. Không phải trung bình quần thể khảo sát tại Việt Nam. Cỡ cực lớn công bố là tham chiếu riêng, TL/SL/FL không quy đổi lẫn nhau. Định danh đại diện cần đối chiếu ảnh/mẫu; ảnh người dùng chưa có trong repository."
"fish_18","fish_18","Cá bỗng","Có","Spinibarbus denticulatus","fish","representative","0.1–0.3","0.3–1","0.65","1–5.55","5.55–8","8","13.9–20","20–40","40–63.1","63.1–70","Chiều dài","8.6","1.9–3.1","3.1–5.3","5.3–9.5","9.5–10","41.5","SL","1","Sông Bãi Bồi · Suối Đại Ngàn · Hồ Núi","Giun > Dế","Câu đơn / Câu đáy","mid","Thân thuôn, vảy lớn, râu ngắn; có gai hướng trước ở đầu vây lưng.","Sông/suối miền Bắc, hố sâu và dòng chảy sạch.","Thực vật, quả và động vật nhỏ tùy quần thể.","Chạy dài, đổi hướng","Định danh cá bỗng theo vùng cần đối chiếu; cỡ 8 kg là trần mô phỏng, không phải kỷ lục đã xác nhận.","public/assets/fish/fish_18.webp","https://www.fishbase.se/summary/Spinibarbus-denticulatus.html","Kích cỡ thường gặp, trung điểm, chiều dài ước tính, mồi ưu tiên, phân bố map, xác suất và sức kéo là tham số mô phỏng. Không phải trung bình quần thể khảo sát tại Việt Nam. Cỡ cực lớn công bố là tham chiếu riêng, TL/SL/FL không quy đổi lẫn nhau. Định danh đại diện cần đối chiếu ảnh/mẫu; ảnh người dùng chưa có trong repository."
"fish_19","fish_19","Cá chiên","Có","Bagarius rutilus","fish","representative","0.5–2","2–8","5","8–22.3","22.3–30","30","28.3–45","45–90","90–126.8","126.8–140","Chiều dài","9.4","4.2–7.5","7.5–10","10–10","10–10","","","","Sông Bãi Bồi · Lòng Đập","Cá mồi > Tôm","Câu đáy","bottom","Đầu rộng dẹt, miệng lớn, râu; thân nâu loang, vây ngực khỏe.","Sông miền Bắc và lòng đập; đáy đá, khe dòng chảy.","Cá và động vật đáy.","Ghì sát đáy, bứt nặng","Tên cá chiên gồm nhiều Bagarius; dùng B. rutilus đại diện theo nghiên cứu Việt Nam, không khẳng định ảnh đã được định danh.","public/assets/fish/fish_19.webp","https://tapchikhoahoc.nnmt.net.vn/index.php/vjae/article/view/955","Kích cỡ thường gặp, trung điểm, chiều dài ước tính, mồi ưu tiên, phân bố map, xác suất và sức kéo là tham số mô phỏng. Không phải trung bình quần thể khảo sát tại Việt Nam. Cỡ cực lớn công bố là tham chiếu riêng, TL/SL/FL không quy đổi lẫn nhau. Định danh đại diện cần đối chiếu ảnh/mẫu; ảnh người dùng chưa có trong repository."
"fish_20","fish_20","Cá ngạnh","Có","Cranoglanis bouderius","fish","representative","0.05–0.15","0.15–0.6","0.375","0.6–1.3800000000000001","1.3800000000000001–1.8","1.8","10.4–15","15–30","30–40.9","40.9–45","Chiều dài","6.4","1.4–1.9","1.9–3.4","3.4–4.7","4.7–5.2","","","","Sông Bãi Bồi","Giun > Tôm","Câu đáy / Câu đơn","bottom","Da trơn, đầu có tấm xương cứng, râu; vây ngực/lưng có gai.","Sông nước ngọt miền Bắc, đáy bùn/cát.","Động vật đáy, côn trùng, tôm và cá nhỏ.","Ghì sát đáy, bứt nặng","Tên ngạnh là tên địa phương; định danh đại diện theo danh mục gốc.","public/assets/fish/fish_20.webp","https://www.fishbase.se/summary/Cranoglanis-bouderius.html","Kích cỡ thường gặp, trung điểm, chiều dài ước tính, mồi ưu tiên, phân bố map, xác suất và sức kéo là tham số mô phỏng. Không phải trung bình quần thể khảo sát tại Việt Nam. Cỡ cực lớn công bố là tham chiếu riêng, TL/SL/FL không quy đổi lẫn nhau. Định danh đại diện cần đối chiếu ảnh/mẫu; ảnh người dùng chưa có trong repository."
"fish_21","fish_21","Cá nheo","Có","Silurus asotus","fish","species_profile","0.1–0.4","0.4–2","1.2","2–7.2","7.2–10","10","18.9–30","30–65","65–95","95–105","Chiều dài","6.9","1.7–3.1","3.1–5.8","5.8–8.4","8.4–9.1","","","","Sông Bãi Bồi · Hồ Núi · Lòng Đập","Cá mồi > Giun","Câu đáy","bottom","Vây lưng rất nhỏ, hậu môn rất dài; một đôi râu hàm trên nổi bật.","Sông/hồ nước ngọt, đáy sâu và vùng nước chậm.","Cá và động vật thủy sinh.","Ghì sát đáy, bứt nặng","Không gộp nheo với mọi loài cá da trơn khác.","public/assets/fish/fish_21.webp","https://www.fishbase.se/summary/Silurus-asotus.html","Kích cỡ thường gặp, trung điểm, chiều dài ước tính, mồi ưu tiên, phân bố map, xác suất và sức kéo là tham số mô phỏng. Không phải trung bình quần thể khảo sát tại Việt Nam. Cỡ cực lớn công bố là tham chiếu riêng, TL/SL/FL không quy đổi lẫn nhau. Định danh đại diện cần đối chiếu ảnh/mẫu; ảnh người dùng chưa có trong repository."
"fish_22","fish_22","Cá lóc bông","Có","Channa micropeltes","fish","species_profile","0.3–1","1–5","3","5–11.5","11.5–15","15","23.4–35","35–75","75–100.3","100.3–110","Chiều dài","8.3","3.1–5.2","5.2–8.9","8.9–10","10–10","130","SL","20","Kênh Miền Tây · Hồ Núi · Lòng Đập","Popper nhái > Crankbait > Mồi mềm > Cá mồi","Lure / Câu đáy","cover","Miệng lớn; cá lớn có dải tối, cá non thường có dải cam giữa hai sọc đen.","Hồ, đầm và kênh Miền Tây; vùng sâu gần vật trú.","Cá và động vật thủy sinh.","Chạy dài, đổi hướng","Lure nổi dùng sát chỗ trú, crank dùng vùng nước thoáng.","public/assets/fish/fish_22.webp","https://www.fishbase.se/summary/Channa-micropeltes.html","Kích cỡ thường gặp, trung điểm, chiều dài ước tính, mồi ưu tiên, phân bố map, xác suất và sức kéo là tham số mô phỏng. Không phải trung bình quần thể khảo sát tại Việt Nam. Cỡ cực lớn công bố là tham chiếu riêng, TL/SL/FL không quy đổi lẫn nhau. Định danh đại diện cần đối chiếu ảnh/mẫu; ảnh người dùng chưa có trong repository."
"fish_23","fish_23","Cá thát lát","Có","Notopterus notopterus","fish","species_profile","0.04–0.12","0.12–0.4","0.26","0.4–0.66","0.66–0.8","0.8","12.5–18","18–30","30–40.5","40.5–45","Chiều dài","5.6","1.3–1.7","1.7–2.7","2.7–3.2","3.2–3.5","","","","Kênh Miền Tây · Kênh Đồng","Giun > Tôm","Câu đơn / Câu đáy","mid","Thân dẹp như lưỡi dao; hậu môn dài nối đuôi, không có hàng đốm mắt cườm.","Kênh và vùng nước chậm nước ngọt; tầng thấp đến giữa.","Côn trùng, giáp xác và cá nhỏ.","Lạng ngang, đổi hướng","Bạc/xám hoặc ánh đồng tùy cá thể và ánh sáng; không ép mọi cá thể thành nâu.","public/assets/fish/fish_23.webp","https://www.fishbase.se/summary/Notopterus-notopterus.html","Kích cỡ thường gặp, trung điểm, chiều dài ước tính, mồi ưu tiên, phân bố map, xác suất và sức kéo là tham số mô phỏng. Không phải trung bình quần thể khảo sát tại Việt Nam. Cỡ cực lớn công bố là tham chiếu riêng, TL/SL/FL không quy đổi lẫn nhau. Định danh đại diện cần đối chiếu ảnh/mẫu; ảnh người dùng chưa có trong repository."
"fish_24","fish_24","Cá thát lát cườm","Có","Chitala ornata","fish","species_profile","0.15–0.5","0.5–2.5","1.5","2.5–5.425000000000001","5.425000000000001–7","7","20.1–30","30–60","60–85.2","85.2–95","Chiều dài","6.9","2–3.4","3.4–6.2","6.2–7.8","7.8–8.3","","","","Kênh Miền Tây · Hồ Núi","Mồi mềm > Cá mồi","Lure / Câu đáy","mid","Lưng cong cao, thân dạng dao; hàng đốm mắt có viền sáng trên vây hậu môn.","Sông chậm, hồ và kênh lưu vực Mekong.","Cá nhỏ, tôm và côn trùng thủy sinh.","Lạng ngang, đổi hướng","Đốm cườm phân biệt với thát lát thường.","public/assets/fish/fish_24.webp","https://www.fishbase.se/summary/Chitala-ornata.html","Kích cỡ thường gặp, trung điểm, chiều dài ước tính, mồi ưu tiên, phân bố map, xác suất và sức kéo là tham số mô phỏng. Không phải trung bình quần thể khảo sát tại Việt Nam. Cỡ cực lớn công bố là tham chiếu riêng, TL/SL/FL không quy đổi lẫn nhau. Định danh đại diện cần đối chiếu ảnh/mẫu; ảnh người dùng chưa có trong repository."
"fish_25","fish_25","Cá bống tượng","Có","Oxyeleotris marmorata","fish","species_profile","0.05–0.2","0.2–0.7","0.44999999999999996","0.7–1.545","1.545–2","2","9.4–15","15–30","30–44.4","44.4–50","Chiều dài","6.7","1.4–2.2","2.2–3.8","3.8–5.1","5.1–5.6","65","SL","","Kênh Miền Tây · Kênh Đồng","Tôm > Cá mồi","Câu đơn / Câu đáy","bottom","Đầu to, thân nâu vân cẩm thạch; hai vây lưng tách nhau.","Kênh, sông và ao nước ngọt; đáy có vật trú.","Cá, tôm, cua và động vật nhỏ.","Bứt về chỗ trú","Phục kích sát đáy; ưu tiên mồi tự nhiên.","public/assets/fish/fish_25.webp","https://www.fishbase.se/summary/Oxyeleotris-marmorata.html","Kích cỡ thường gặp, trung điểm, chiều dài ước tính, mồi ưu tiên, phân bố map, xác suất và sức kéo là tham số mô phỏng. Không phải trung bình quần thể khảo sát tại Việt Nam. Cỡ cực lớn công bố là tham chiếu riêng, TL/SL/FL không quy đổi lẫn nhau. Định danh đại diện cần đối chiếu ảnh/mẫu; ảnh người dùng chưa có trong repository."
"fish_26","fish_26","Cá bống kèo","Có","Pseudapocryptes elongatus","fish","species_profile","0.008–0.015","0.015–0.035","0.025","0.035–0.051250000000000004","0.051250000000000004–0.06","0.06","7.3–9","9–15","15–18.4","18.4–20","Chiều dài","2.8","1–1.1","1.1–1.1","1.1–1.2","1.2–1.2","20","TL","","Kênh Miền Tây · Cửa Sông","Giun","Câu đơn","bottom","Thân nhỏ dài, đầu tù, da/vảy nhỏ; sống gần bùn ở vùng triều.","Bãi bùn cửa sông, vùng hạ lưu chịu ảnh hưởng mặn.","Tảo, mùn và sinh vật nhỏ.","Đảo hướng, bứt ngắn","MT đại diện phần hạ lưu có xâm nhập mặn; không xem toàn kênh Miền Tây là nước mặn.","public/assets/fish/fish_26.webp","https://www.fishbase.se/summary/Pseudapocryptes-elongatus.html","Kích cỡ thường gặp, trung điểm, chiều dài ước tính, mồi ưu tiên, phân bố map, xác suất và sức kéo là tham số mô phỏng. Không phải trung bình quần thể khảo sát tại Việt Nam. Cỡ cực lớn công bố là tham chiếu riêng, TL/SL/FL không quy đổi lẫn nhau. Định danh đại diện cần đối chiếu ảnh/mẫu; ảnh người dùng chưa có trong repository."
"fish_27","fish_27","Cá chạch bùn","Có","Misgurnus anguillicaudatus","fish","representative","0.008–0.02","0.02–0.06","0.04","0.06–0.099","0.099–0.12","0.12","5.9–8","8–16","16–22.3","22.3–25","Chiều dài","2.5","1–1.1","1.1–1.2","1.2–1.3","1.3–1.3","28","SL","","Ao Làng · Kênh Đồng","Giun","Câu đơn","bottom","Thân dài, râu nhỏ quanh miệng, hoa văn nâu; vây lưng ngắn, đuôi tròn.","Ao bùn, ruộng ngập và kênh nước ngọt.","Giun, ấu trùng và động vật đáy nhỏ.","Ghì sát đáy, bứt nặng","Dùng loài đại diện; chạch địa phương cần đối chiếu ảnh.","public/assets/fish/fish_27.webp","https://www.fishbase.se/summary/Misgurnus-anguillicaudatus.html","Kích cỡ thường gặp, trung điểm, chiều dài ước tính, mồi ưu tiên, phân bố map, xác suất và sức kéo là tham số mô phỏng. Không phải trung bình quần thể khảo sát tại Việt Nam. Cỡ cực lớn công bố là tham chiếu riêng, TL/SL/FL không quy đổi lẫn nhau. Định danh đại diện cần đối chiếu ảnh/mẫu; ảnh người dùng chưa có trong repository."
"fish_28","fish_28","Cá chạch lấu","Có","Mastacembelus favus","fish","representative","0.06–0.2","0.2–0.7","0.44999999999999996","0.7–1.415","1.415–1.8","1.8","16.7–25","25–45","45–62.9","62.9–70","Chiều dài","5.8","1.4–2.1","2.1–3.4","3.4–4.5","4.5–4.8","70","SL","","Sông Bãi Bồi · Kênh Miền Tây","Giun > Tôm","Câu đáy / Câu đơn","bottom","Thân dài như lươn nhưng có gai lưng; mõm nhọn, vân lưới nâu.","Sông/kênh, đáy cát sỏi và vùng có chỗ chui trú.","Giun, ấu trùng côn trùng và động vật đáy.","Lạng ngang, đổi hướng","Chạch lấu không phải lươn; tên đại diện cần đối chiếu ảnh địa phương.","public/assets/fish/fish_28.webp","https://www.fishbase.se/summary/Mastacembelus-favus.html","Kích cỡ thường gặp, trung điểm, chiều dài ước tính, mồi ưu tiên, phân bố map, xác suất và sức kéo là tham số mô phỏng. Không phải trung bình quần thể khảo sát tại Việt Nam. Cỡ cực lớn công bố là tham chiếu riêng, TL/SL/FL không quy đổi lẫn nhau. Định danh đại diện cần đối chiếu ảnh/mẫu; ảnh người dùng chưa có trong repository."
"fish_29","fish_29","Cá chày mắt đỏ","Có","Squaliobarbus curriculus","fish","species_profile","0.05–0.15","0.15–0.6","0.375","0.6–1.25","1.25–1.6","1.6","10.4–15","15–30","30–42.9","42.9–48","Chiều dài","7.2","1.4–2.1","2.1–3.8","3.8–5","5–5.5","48.8","TL","1.6","Sông Bãi Bồi · Suối Đại Ngàn","Giun > Dế","Câu đơn / Câu Đài","mid","Thân thuôn bạc, mắt có vành đỏ; vây có thể ánh đỏ.","Sông và suối miền Bắc, tầng giữa dòng chảy.","Ăn tạp: thực vật và động vật nhỏ.","Chạy dài, đổi hướng","Định danh theo tên chày mắt đỏ trong danh mục gốc.","public/assets/fish/fish_29.webp","https://www.fishbase.se/summary/Squaliobarbus-curriculus.html","Kích cỡ thường gặp, trung điểm, chiều dài ước tính, mồi ưu tiên, phân bố map, xác suất và sức kéo là tham số mô phỏng. Không phải trung bình quần thể khảo sát tại Việt Nam. Cỡ cực lớn công bố là tham chiếu riêng, TL/SL/FL không quy đổi lẫn nhau. Định danh đại diện cần đối chiếu ảnh/mẫu; ảnh người dùng chưa có trong repository."
"fish_30","fish_30","Cá mè vinh","Có","Barbonymus gonionotus","fish","species_profile","0.05–0.15","0.15–0.6","0.375","0.6–0.99","0.99–1.2","1.2","10.4–15","15–28","28–36.4","36.4–40","Chiều dài","6.1","1.3–1.9","1.9–3.3","3.3–4.1","4.1–4.4","43","TL","","Kênh Miền Tây · Kênh Đồng","Mồi bột > Rong lá > Giun","Câu đơn / Câu Đài","mid","Thân cao bạc, đầu nhỏ; vây bụng/hậu môn ánh cam đỏ.","Kênh và sông Miền Tây, vùng ngập và nước chậm.","Thực vật, tảo và thức ăn tạp.","Đảo hướng, bứt ngắn","Không phải nhóm mè trắng lọc phiêu sinh.","public/assets/fish/fish_30.webp","https://www.fishbase.se/summary/Barbonymus-gonionotus.html","Kích cỡ thường gặp, trung điểm, chiều dài ước tính, mồi ưu tiên, phân bố map, xác suất và sức kéo là tham số mô phỏng. Không phải trung bình quần thể khảo sát tại Việt Nam. Cỡ cực lớn công bố là tham chiếu riêng, TL/SL/FL không quy đổi lẫn nhau. Định danh đại diện cần đối chiếu ảnh/mẫu; ảnh người dùng chưa có trong repository."
"fish_31","fish_31","Cá trắm đen","Có","Mylopharyngodon piceus","fish","species_profile","0.3–2","2–8","5","8–25.55","25.55–35","35","21.3–40","40–85","85–125.9","125.9–140","Chiều dài","9.2","3.3–7.3","7.3–10","10–10","10–10","180","TL","73.5","Ao Làng · Hồ Núi · Hồ Dịch Vụ","Ốc > Tôm","Câu đáy","bottom","Thân dài, vảy sẫm, vây đen; đầu và miệng khỏe, không có râu.","Ao/hồ thả nuôi, tìm vùng đáy có ốc và nhuyễn thể.","Nhuyễn thể, đặc biệt ốc và trai.","Ghì sát đáy, bứt nặng","Ưu tiên mồi ốc; giới hạn game thấp hơn các mẫu cực lớn ngoài tự nhiên.","public/assets/fish/fish_31.webp","https://www.fishbase.se/summary/Mylopharyngodon-piceus.html","Kích cỡ thường gặp, trung điểm, chiều dài ước tính, mồi ưu tiên, phân bố map, xác suất và sức kéo là tham số mô phỏng. Không phải trung bình quần thể khảo sát tại Việt Nam. Cỡ cực lớn công bố là tham chiếu riêng, TL/SL/FL không quy đổi lẫn nhau. Định danh đại diện cần đối chiếu ảnh/mẫu; ảnh người dùng chưa có trong repository."
"fish_32","fish_32","Cá trôi mrigal","Có","Cirrhinus cirrhosus","fish","representative","0.15–0.5","0.5–2","1.25","2–5.9","5.9–8","8","16.7–25","25–50","50–75.9","75.9–85","Chiều dài","6.4","1.9–3.2","3.2–5.4","5.4–7.4","7.4–8","100","SL","12.7","Ao Làng · Hồ Núi · Hồ Dịch Vụ","Mồi bột","Câu Đài / Câu đáy","bottom","Thân bạc thuôn, đầu nhỏ, môi không dày như rohu.","Ao/hồ thả nuôi; kiếm thức ăn sát đáy.","Mùn hữu cơ, thực vật và sinh vật đáy.","Ghì đều, bứt từng nhịp","C. mrigala và C. cirrhosus có khác biệt xử lý giữa tài liệu; giữ tên của danh mục gốc, ghi rõ ứng viên.","public/assets/fish/fish_32.webp","https://www.fishbase.se/summary/Cirrhinus-cirrhosus.html","Kích cỡ thường gặp, trung điểm, chiều dài ước tính, mồi ưu tiên, phân bố map, xác suất và sức kéo là tham số mô phỏng. Không phải trung bình quần thể khảo sát tại Việt Nam. Cỡ cực lớn công bố là tham chiếu riêng, TL/SL/FL không quy đổi lẫn nhau. Định danh đại diện cần đối chiếu ảnh/mẫu; ảnh người dùng chưa có trong repository."
"fish_33","fish_33","Cá mè trắng Việt Nam","Có","Hypophthalmichthys harmandi","fish","representative","0.2–0.6","0.6–2","1.3","2–3.95","3.95–5","5","17.3–25","25–45","45–55.7","55.7–60","Chiều dài","4.7","1.9–2.8","2.8–4.2","4.2–5.2","5.2–5.5","54.5","SL","","Sông Bãi Bồi · Hồ Núi","Mồi mây","Câu Đài / Câu đáy","mid","Thân bạc dẹp, mắt thấp như nhóm mè; khó phân biệt chắc chắn chỉ bằng ảnh.","Sông/hồ nước ngọt Việt Nam, tầng giữa.","Lọc phiêu sinh; mồi mây là cơ chế cụm thức ăn trong game.","Ghì đều, bứt từng nhịp","Không tuyên bố định danh chỉ từ màu bạc; cần mẫu/hình rõ để phân biệt H. molitrix.","public/assets/fish/fish_33.webp","https://www.fishbase.se/summary/Hypophthalmichthys-harmandi.html","Kích cỡ thường gặp, trung điểm, chiều dài ước tính, mồi ưu tiên, phân bố map, xác suất và sức kéo là tham số mô phỏng. Không phải trung bình quần thể khảo sát tại Việt Nam. Cỡ cực lớn công bố là tham chiếu riêng, TL/SL/FL không quy đổi lẫn nhau. Định danh đại diện cần đối chiếu ảnh/mẫu; ảnh người dùng chưa có trong repository."
"fish_34","fish_34","Cá bống cát","Có","Glossogobius giuris","fish","representative","0.012–0.04","0.04–0.12","0.08","0.12–0.237","0.237–0.3","0.3","5.4–8","8–16","16–23.1","23.1–26","Chiều dài","3.3","1–1.2","1.2–1.4","1.4–1.7","1.7–1.8","50","SL","","Kênh Đồng · Cửa Sông","Tôm > Giun","Câu đơn","bottom","Đầu dẹt, miệng lớn, hai vây lưng; thân có vệt nâu, thường nằm đáy.","Kênh, sông và cửa sông, đáy cát/bùn.","Cá nhỏ, giáp xác và ấu trùng.","Bứt về chỗ trú","Bống cát là tên dùng cho nhiều loài; chọn loài đại diện theo danh mục.","public/assets/fish/fish_34.webp","https://www.fishbase.se/summary/Glossogobius-giuris.html","Kích cỡ thường gặp, trung điểm, chiều dài ước tính, mồi ưu tiên, phân bố map, xác suất và sức kéo là tham số mô phỏng. Không phải trung bình quần thể khảo sát tại Việt Nam. Cỡ cực lớn công bố là tham chiếu riêng, TL/SL/FL không quy đổi lẫn nhau. Định danh đại diện cần đối chiếu ảnh/mẫu; ảnh người dùng chưa có trong repository."
"fish_35","fish_35","Cá chẽm / vược","Có","Lates calcarifer","fish","species_profile","0.2–0.8","0.8–4","2.4","4–17.65","17.65–25","25","18.9–30","30–70","70–108","108–120","Chiều dài","8.6","2.6–4.9","4.9–8.6","8.6–10","10–10","200","TL","60","Cửa Sông · Ghềnh Biển · Kênh Miền Tây","Tôm > Cá mồi > Crankbait > Mồi mềm","Lure / ISO biển / Câu đáy","mid","Thân bạc, miệng lớn với hàm dưới nhô; vây lưng hai phần, đuôi tròn.","Cửa sông, ven biển và hạ lưu có kết nối nước lợ.","Cá và giáp xác.","Chạy dài, đổi hướng","MT đại diện vùng hạ lưu; cá chịu được dải mặn rộng.","public/assets/fish/fish_35.webp","https://www.fishbase.se/summary/Lates-calcarifer.html","Kích cỡ thường gặp, trung điểm, chiều dài ước tính, mồi ưu tiên, phân bố map, xác suất và sức kéo là tham số mô phỏng. Không phải trung bình quần thể khảo sát tại Việt Nam. Cỡ cực lớn công bố là tham chiếu riêng, TL/SL/FL không quy đổi lẫn nhau. Định danh đại diện cần đối chiếu ảnh/mẫu; ảnh người dùng chưa có trong repository."
"fish_36","fish_36","Cá đối mục","Có","Mugil cephalus","fish","species_profile","0.08–0.2","0.2–0.8","0.5","0.8–2.2300000000000004","2.2300000000000004–3","3","14.7–20","20–40","40–58.4","58.4–65","Chiều dài","4.7","1.4–1.9","1.9–3.1","3.1–4.4","4.4–4.8","100","SL","","Cửa Sông · Ghềnh Biển","Mồi bột","ISO biển / Câu đơn","mid","Đầu tù, thân bạc thuôn, hai vây lưng cách xa; miệng nhỏ.","Cửa sông, ven biển và vùng nước lợ.","Mùn, tảo và sinh vật nhỏ trong nền đáy.","Chạy dài, đổi hướng","Dùng mồi bột nhỏ, không mô tả cá đối là loài săn cá.","public/assets/fish/fish_36.webp","https://www.fishbase.se/summary/Mugil-cephalus.html","Kích cỡ thường gặp, trung điểm, chiều dài ước tính, mồi ưu tiên, phân bố map, xác suất và sức kéo là tham số mô phỏng. Không phải trung bình quần thể khảo sát tại Việt Nam. Cỡ cực lớn công bố là tham chiếu riêng, TL/SL/FL không quy đổi lẫn nhau. Định danh đại diện cần đối chiếu ảnh/mẫu; ảnh người dùng chưa có trong repository."
"fish_37","fish_37","Cá mú chấm cam","Có","Epinephelus coioides","fish","species_profile","0.2–0.7","0.7–3","1.85","3–8.850000000000001","8.850000000000001–12","12","16.5–25","25–55","55–92","92–105","Chiều dài","8.3","2.5–4.5","4.5–7.7","7.7–10","10–10","120","TL","15","Ghềnh Biển · Cửa Sông","Tôm > Mồi mềm > Thịt nghêu","ISO biển / Câu đáy / Lure","bottom","Miệng lớn; nhiều đốm cam/nâu đỏ, thân có mảng tối.","Cửa sông và ghềnh biển; gần đá, hốc và vật trú.","Cá, tôm và cua.","Bứt về chỗ trú","Có xu hướng ghì về chỗ trú trong mô phỏng.","public/assets/fish/fish_37.webp","https://www.fishbase.se/summary/Epinephelus-coioides.html","Kích cỡ thường gặp, trung điểm, chiều dài ước tính, mồi ưu tiên, phân bố map, xác suất và sức kéo là tham số mô phỏng. Không phải trung bình quần thể khảo sát tại Việt Nam. Cỡ cực lớn công bố là tham chiếu riêng, TL/SL/FL không quy đổi lẫn nhau. Định danh đại diện cần đối chiếu ảnh/mẫu; ảnh người dùng chưa có trong repository."
"fish_38","fish_38","Cá mú mè","Có","Epinephelus malabaricus","fish","representative","0.3–1","1–6","3.5","6–24.85","24.85–35","35","20.1–30","30–85","85–134.2","134.2–150","Chiều dài","8.6","3.1–5.3","5.3–9.7","9.7–10","10–10","234","TL","150","Ghềnh Biển · Cửa Sông","Cá mồi > Tôm","Câu đáy / ISO biển","bottom","Đầu/miệng lớn, đốm nhỏ sẫm và mảng loang; thường không có đốm cam đồng đều.","Ghềnh biển, cửa sông và đáy có vật trú.","Cá, giáp xác và chân đầu.","Bứt về chỗ trú","Mú mè có nhiều tên theo vùng; game chọn mú Malabar đại diện.","public/assets/fish/fish_38.webp","https://www.fishbase.se/summary/Epinephelus-malabaricus.html","Kích cỡ thường gặp, trung điểm, chiều dài ước tính, mồi ưu tiên, phân bố map, xác suất và sức kéo là tham số mô phỏng. Không phải trung bình quần thể khảo sát tại Việt Nam. Cỡ cực lớn công bố là tham chiếu riêng, TL/SL/FL không quy đổi lẫn nhau. Định danh đại diện cần đối chiếu ảnh/mẫu; ảnh người dùng chưa có trong repository."
"fish_39","fish_39","Cá hồng bạc","Có","Lutjanus argentimaculatus","fish","species_profile","0.15–0.5","0.5–2.5","1.5","2.5–7.375","7.375–10","10","16.7–25","25–55","55–80.9","80.9–90","Chiều dài","8.1","2.2–3.8","3.8–7","7–9.6","9.6–10","104","TL","14.5","Cửa Sông · Ghềnh Biển","Tôm > Crankbait","ISO biển / Lure / Câu đáy","mid","Thân khỏe, miệng có răng nanh; màu đồng đỏ đến nâu, cá non có vạch.","Cửa sông/rừng ngập mặn lúc nhỏ; biển và rạn khi lớn.","Cá và giáp xác.","Chạy dài, đổi hướng","Tên hồng bạc không có nghĩa da luôn bạc trắng.","public/assets/fish/fish_39.webp","https://www.fishbase.se/summary/Lutjanus-argentimaculatus.html","Kích cỡ thường gặp, trung điểm, chiều dài ước tính, mồi ưu tiên, phân bố map, xác suất và sức kéo là tham số mô phỏng. Không phải trung bình quần thể khảo sát tại Việt Nam. Cỡ cực lớn công bố là tham chiếu riêng, TL/SL/FL không quy đổi lẫn nhau. Định danh đại diện cần đối chiếu ảnh/mẫu; ảnh người dùng chưa có trong repository."
"fish_40","fish_40","Cá hồng chấm đen","Có","Lutjanus russellii","fish","representative","0.08–0.2","0.2–0.7","0.44999999999999996","0.7–1.545","1.545–2","2","11.1–15","15–30","30–43","43–48","Chiều dài","6.7","1.6–2.2","2.2–3.8","3.8–5.1","5.1–5.6","50","TL","","Ghềnh Biển · Cửa Sông","Tôm","ISO biển / Câu đáy","mid","Đốm đen ở lưng thân; cá non thường có sọc, miệng có răng nanh.","Cửa sông và ghềnh biển, vùng đá/vật trú.","Cá và giáp xác.","Bứt về chỗ trú","Dùng loài đại diện theo danh mục.","public/assets/fish/fish_40.webp","https://www.fishbase.se/summary/Lutjanus-russellii.html","Kích cỡ thường gặp, trung điểm, chiều dài ước tính, mồi ưu tiên, phân bố map, xác suất và sức kéo là tham số mô phỏng. Không phải trung bình quần thể khảo sát tại Việt Nam. Cỡ cực lớn công bố là tham chiếu riêng, TL/SL/FL không quy đổi lẫn nhau. Định danh đại diện cần đối chiếu ảnh/mẫu; ảnh người dùng chưa có trong repository."
"fish_41","fish_41","Cá dìa chấm","Có","Siganus guttatus","fish","species_profile","0.05–0.2","0.2–0.6","0.4","0.6–0.99","0.99–1.2","1.2","9.4–15","15–28","28–36.4","36.4–40","Chiều dài","6.1","1.3–2.1","2.1–3.3","3.3–4.1","4.1–4.4","42","TL","","Ghềnh Biển · Cửa Sông","Rong lá > Mồi bột","ISO biển","mid","Thân dẹp có đốm vàng cam, đốm vàng lớn gần cuối lưng; vây gai.","Cửa sông và ven biển, vùng có tảo/cỏ biển.","Chủ yếu tảo và thực vật thủy sinh.","Đảo hướng, bứt ngắn","Gai vây có độc; phần mô phỏng chỉ thể hiện lực kéo.","public/assets/fish/fish_41.webp","https://www.fishbase.se/summary/Siganus-guttatus.html","Kích cỡ thường gặp, trung điểm, chiều dài ước tính, mồi ưu tiên, phân bố map, xác suất và sức kéo là tham số mô phỏng. Không phải trung bình quần thể khảo sát tại Việt Nam. Cỡ cực lớn công bố là tham chiếu riêng, TL/SL/FL không quy đổi lẫn nhau. Định danh đại diện cần đối chiếu ảnh/mẫu; ảnh người dùng chưa có trong repository."
"fish_42","fish_42","Cá dìa công","Có","Siganus javus","fish","representative","0.06–0.25","0.25–0.8","0.525","0.8–1.4500000000000002","1.4500000000000002–1.8","1.8","11.2–18","18–32","32–44.7","44.7–50","Chiều dài","6.1","1.4–2.3","2.3–3.7","3.7–4.7","4.7–5","53","TL","","Ghềnh Biển · Cửa Sông","Rong lá > Mồi bột","ISO biển","mid","Thân dẹp; chấm nhỏ phía trên và sọc uốn ngang ở phần dưới thân.","Ven biển, vịnh và vùng tảo, nước lợ có thể xuất hiện.","Tảo và thực vật thủy sinh.","Đảo hướng, bứt ngắn","Tên dìa công thay đổi theo vùng; giữ ứng viên trong danh mục.","public/assets/fish/fish_42.webp","https://www.fishbase.se/summary/Siganus-javus.html","Kích cỡ thường gặp, trung điểm, chiều dài ước tính, mồi ưu tiên, phân bố map, xác suất và sức kéo là tham số mô phỏng. Không phải trung bình quần thể khảo sát tại Việt Nam. Cỡ cực lớn công bố là tham chiếu riêng, TL/SL/FL không quy đổi lẫn nhau. Định danh đại diện cần đối chiếu ảnh/mẫu; ảnh người dùng chưa có trong repository."
"fish_43","fish_43","Cá chim vây vàng","Có","Trachinotus blochii","fish","species_profile","0.1–0.4","0.4–1.5","0.95","1.5–2.735","2.735–3.4","3.4","12.6–20","20–38","38–50","50–55","Chiều dài","6.7","1.7–3","3–5.1","5.1–6.2","6.2–6.6","110","FL","3.4","Ghềnh Biển","Tôm > Thìa kim loại","ISO biển / Lure","mid","Thân cao dẹp bạc, vây ánh vàng; đuôi chẻ sâu, vây lưng/hậu môn dạng liềm.","Ven biển nước thoáng, bãi cát và vùng gần rạn.","Giáp xác, nhuyễn thể và sinh vật nhỏ.","Chạy dài, đổi hướng","Khác cá chim trắng nước ngọt.","public/assets/fish/fish_43.webp","https://www.fishbase.se/summary/Trachinotus-blochii.html","Kích cỡ thường gặp, trung điểm, chiều dài ước tính, mồi ưu tiên, phân bố map, xác suất và sức kéo là tham số mô phỏng. Không phải trung bình quần thể khảo sát tại Việt Nam. Cỡ cực lớn công bố là tham chiếu riêng, TL/SL/FL không quy đổi lẫn nhau. Định danh đại diện cần đối chiếu ảnh/mẫu; ảnh người dùng chưa có trong repository."
"fish_44","fish_44","Cá tráp vây vàng","Có","Acanthopagrus latus","fish","representative","0.08–0.2","0.2–0.7","0.44999999999999996","0.7–1.22","1.22–1.5","1.5","11.1–15","15–28","28–36.4","36.4–40","Chiều dài","6.1","1.5–2.1","2.1–3.6","3.6–4.4","4.4–4.7","40","FL","1.5","Cửa Sông · Ghềnh Biển","Tôm > Giun > Thịt nghêu","ISO biển / Câu đáy","bottom","Thân bạc dẹp, vây bụng/hậu môn vàng; hàm có răng nghiền.","Cửa sông và ven biển, đáy cát/bùn có nhuyễn thể.","Giáp xác, nhuyễn thể và động vật đáy.","Ghì sát đáy, bứt nặng","Họ tráp cần đối chiếu vùng biển; A. latus là loài đại diện.","public/assets/fish/fish_44.webp","https://www.fishbase.se/summary/Acanthopagrus-latus.html","Kích cỡ thường gặp, trung điểm, chiều dài ước tính, mồi ưu tiên, phân bố map, xác suất và sức kéo là tham số mô phỏng. Không phải trung bình quần thể khảo sát tại Việt Nam. Cỡ cực lớn công bố là tham chiếu riêng, TL/SL/FL không quy đổi lẫn nhau. Định danh đại diện cần đối chiếu ảnh/mẫu; ảnh người dùng chưa có trong repository."
"fish_45","fish_45","Cá tráp đen","Có","Acanthopagrus schlegelii","fish","representative","0.1–0.3","0.3–1","0.65","1–2.43","2.43–3.2","3.2","12.5–18","18–32","32–45.1","45.1–50","Chiều dài","6.7","1.7–2.6","2.6–4.4","4.4–5.9","5.9–6.5","50","SL","3.2","Ghềnh Biển","Tôm > Thịt nghêu","ISO biển / Câu đáy","bottom","Thân bạc xám sẫm, vây tối; lưng gai, hàm có răng nghiền.","Ven biển, đáy cát/đá và vùng nước lợ; đại diện vùng phía Bắc.","Nhuyễn thể, giáp xác và động vật đáy.","Ghì sát đáy, bứt nặng","Không khẳng định có ở mọi ghềnh biển Việt Nam.","public/assets/fish/fish_45.webp","https://www.fishbase.se/summary/Acanthopagrus-schlegelii.html","Kích cỡ thường gặp, trung điểm, chiều dài ước tính, mồi ưu tiên, phân bố map, xác suất và sức kéo là tham số mô phỏng. Không phải trung bình quần thể khảo sát tại Việt Nam. Cỡ cực lớn công bố là tham chiếu riêng, TL/SL/FL không quy đổi lẫn nhau. Định danh đại diện cần đối chiếu ảnh/mẫu; ảnh người dùng chưa có trong repository."
"fish_46","fish_46","Cá nhồng vàng","Có","Sphyraena obtusata","fish","representative","0.06–0.15","0.15–0.5","0.325","0.5–0.955","0.955–1.2","1.2","14.7–20","20–35","35–49.2","49.2–55","Chiều dài","7.2","1.5–2.1","2.1–3.5","3.5–4.6","4.6–5","55","TL","","Ghềnh Biển","Crankbait > Thìa kim loại","Lure","mid","Thân dài bạc, hàm có răng nhọn; hai vây lưng cách xa, đuôi chẻ.","Ven biển nước thoáng và gần thảm cỏ biển.","Cá nhỏ và một phần giáp xác.","Chạy dài, đổi hướng","Nhồng vàng là tên địa phương; chọn S. obtusata trong danh mục gốc.","public/assets/fish/fish_46.webp","https://www.fishbase.se/summary/Sphyraena-obtusata.html","Kích cỡ thường gặp, trung điểm, chiều dài ước tính, mồi ưu tiên, phân bố map, xác suất và sức kéo là tham số mô phỏng. Không phải trung bình quần thể khảo sát tại Việt Nam. Cỡ cực lớn công bố là tham chiếu riêng, TL/SL/FL không quy đổi lẫn nhau. Định danh đại diện cần đối chiếu ảnh/mẫu; ảnh người dùng chưa có trong repository."
"fish_47","fish_47","Cá cháo lớn","Có","Megalops cyprinoides","fish","species_profile","0.1–0.3","0.3–1.5","0.9","1.5–4.425000000000001","4.425000000000001–6","6","17.3–25","25–55","55–88.3","88.3–100","Chiều dài","8.1","1.8–3","3–5.9","5.9–8.4","8.4–9.1","150","TL","18","Cửa Sông","Mồi mềm > Tôm > Cá mồi","Lure / ISO biển / Câu đáy","surface","Vảy bạc lớn, mắt to, hàm dưới nhô; tia cuối vây lưng kéo thành sợi.","Cửa sông và vùng nước lợ kết nối sông/biển.","Cá và giáp xác.","Đổi hướng nhanh, bứt ngắn","Nhịp đổi hướng nhanh và bứt ngắn; không cần hiệu ứng nhảy mới để dùng dữ liệu.","public/assets/fish/fish_47.webp","https://www.fishbase.se/summary/Megalops-cyprinoides.html","Kích cỡ thường gặp, trung điểm, chiều dài ước tính, mồi ưu tiên, phân bố map, xác suất và sức kéo là tham số mô phỏng. Không phải trung bình quần thể khảo sát tại Việt Nam. Cỡ cực lớn công bố là tham chiếu riêng, TL/SL/FL không quy đổi lẫn nhau. Định danh đại diện cần đối chiếu ảnh/mẫu; ảnh người dùng chưa có trong repository."
"fish_48","fish_48","Cá măng sữa","Có","Chanos chanos","fish","species_profile","0.2–0.7","0.7–3","1.85","3–6.25","6.25–8","8","19.8–30","30–65","65–97.3","97.3–110","Chiều dài","7.2","2.3–4","4–6.8","6.8–8.4","8.4–8.9","180","SL","14","Cửa Sông","Mồi bột > Rong lá","ISO biển","mid","Thân bạc thuôn, miệng nhỏ không răng, một vây lưng; đuôi chẻ sâu.","Cửa sông, đầm nước lợ và vùng ven biển.","Tảo, mùn và sinh vật nhỏ.","Chạy dài, đổi hướng","Không phải cá măng săn mồi nước ngọt.","public/assets/fish/fish_48.webp","https://www.fishbase.se/summary/Chanos-chanos.html","Kích cỡ thường gặp, trung điểm, chiều dài ước tính, mồi ưu tiên, phân bố map, xác suất và sức kéo là tham số mô phỏng. Không phải trung bình quần thể khảo sát tại Việt Nam. Cỡ cực lớn công bố là tham chiếu riêng, TL/SL/FL không quy đổi lẫn nhau. Định danh đại diện cần đối chiếu ảnh/mẫu; ảnh người dùng chưa có trong repository."
"fish_49","fish_49","Cá đù bạc","Có","Pennahia argentata","fish","representative","0.05–0.15","0.15–0.4","0.275","0.4–0.79","0.79–1","1","10.4–15","15–27","27–36.3","36.3–40","Chiều dài","5","1.3–1.7","1.7–2.5","2.5–3.2","3.2–3.5","40","SL","","Ghềnh Biển","Tôm > Giun","Câu đáy","bottom","Thân bạc thuôn, vây lưng phần gai và mềm nối nhau; miệng hơi chếch.","Ven biển, đáy cát/bùn.","Tôm, giáp xác và cá nhỏ.","Ghì sát đáy, bứt nặng","Đù bạc có tên địa phương trùng nhau; dùng Pennahia argentata đại diện.","public/assets/fish/fish_49.webp","https://www.fishbase.se/summary/Pennahia-argentata.html","Kích cỡ thường gặp, trung điểm, chiều dài ước tính, mồi ưu tiên, phân bố map, xác suất và sức kéo là tham số mô phỏng. Không phải trung bình quần thể khảo sát tại Việt Nam. Cỡ cực lớn công bố là tham chiếu riêng, TL/SL/FL không quy đổi lẫn nhau. Định danh đại diện cần đối chiếu ảnh/mẫu; ảnh người dùng chưa có trong repository."
"fish_50","fish_50","Cá đục","Có","Sillago sihama","fish","species_profile","0.015–0.04","0.04–0.12","0.08","0.12–0.237","0.237–0.3","0.3","7.2–10","10–20","20–27.1","27.1–30","Chiều dài","3.3","1.1–1.2","1.2–1.4","1.4–1.7","1.7–1.8","","","","Cửa Sông · Ghềnh Biển","Giun > Tôm","Câu đáy / Câu đơn","bottom","Thân bạc dài, mõm nhọn, miệng nhỏ; hai vây lưng, sống bãi cát.","Bãi cát ven biển và cửa sông.","Giun nhiều tơ, tôm và giáp xác nhỏ.","Ghì sát đáy, bứt nặng","Giun trong game đại diện nhóm mồi giun, không khẳng định giun đất tương đương mọi mồi biển.","public/assets/fish/fish_50.webp","https://www.fishbase.se/summary/Sillago-sihama.html","Kích cỡ thường gặp, trung điểm, chiều dài ước tính, mồi ưu tiên, phân bố map, xác suất và sức kéo là tham số mô phỏng. Không phải trung bình quần thể khảo sát tại Việt Nam. Cỡ cực lớn công bố là tham chiếu riêng, TL/SL/FL không quy đổi lẫn nhau. Định danh đại diện cần đối chiếu ảnh/mẫu; ảnh người dùng chưa có trong repository."
"fish_51","fish_51","Cá sửu vàng","Có","Otolithoides biauritus","fish","representative","0.3–1","1–6","3.5","6–24.85","24.85–35","35","23.4–35","35–80","80–125.4","125.4–140","Chiều dài","8.9","3.2–5.5","5.5–9.9","9.9–10","10–10","160","SL","","Cửa Sông · Ghềnh Biển","Cá mồi > Tôm","Câu đáy / ISO biển","bottom","Thân dài ánh đồng/vàng, đầu và miệng lớn; vây lưng mềm dài.","Biển và cửa sông nước lợ; vùng đáy bùn/cát sâu.","Cá và giáp xác.","Ghì sát đáy, bứt nặng","Người dùng chọn cá sửu biển/sửu vàng; game dùng O. biauritus, không dùng sửu nước ngọt.","public/assets/fish/fish_51.webp","https://www.fishbase.se/summary/Otolithoides-biauritus.html","Kích cỡ thường gặp, trung điểm, chiều dài ước tính, mồi ưu tiên, phân bố map, xác suất và sức kéo là tham số mô phỏng. Không phải trung bình quần thể khảo sát tại Việt Nam. Cỡ cực lớn công bố là tham chiếu riêng, TL/SL/FL không quy đổi lẫn nhau. Định danh đại diện cần đối chiếu ảnh/mẫu; ảnh người dùng chưa có trong repository."
"fish_52","fish_52","Tôm càng xanh","Có","Macrobrachium rosenbergii","crustacean","representative","0.012–0.03","0.03–0.12","0.075","0.12–0.20450000000000002","0.20450000000000002–0.25","0.25","6.6–9","9–18","18–25","25–28","Chiều dài","1.9","1–1.1","1.1–1.2","1.2–1.4","1.4–1.4","32","TL","","Kênh Miền Tây · Sông Bãi Bồi · Kênh Đồng · Ao Làng","Giun > Tôm > Thịt nghêu","Câu đơn / Câu đáy","bottom","Thân phân đốt, chủy có răng, râu dài; tôm đực lớn có đôi càng dài xanh.","Sông, kênh và ao nước ngọt; ấu trùng cần nước lợ.","Ăn tạp: giun, động vật đáy, mùn và thức ăn động vật.","Giật lùi ngắn, sức giữ thấp","Tên tôm chưa có ảnh để xác minh; chọn tôm càng xanh đại diện cho câu lưỡi.","public/assets/fish/fish_52.webp","https://www.fao.org/4/ac741t/ac741t01.htm | https://www.fws.gov/sites/default/files/documents/Ecological-Risk-Screening-Summary-Giant-River-Prawn.pdf","Kích cỡ thường gặp, trung điểm, chiều dài ước tính, mồi ưu tiên, phân bố map, xác suất và sức kéo là tham số mô phỏng. Không phải trung bình quần thể khảo sát tại Việt Nam. Cỡ cực lớn công bố là tham chiếu riêng, TL/SL/FL không quy đổi lẫn nhau. Định danh đại diện cần đối chiếu ảnh/mẫu; ảnh người dùng chưa có trong repository."
"fish_53","fish_53","Cua đồng","Có","Somanniathelphusa sinensis","crustacean","representative","0.006–0.012","0.012–0.03","0.020999999999999998","0.03–0.0495","0.0495–0.06","0.06","2.4–3","3–4.5","4.5–5.5","5.5–6","Rộng mai","1.7","1–1","1–1.1","1.1–1.1","1.1–1.1","","","","Ao Làng · Kênh Đồng · Kênh Miền Tây","Giun > Tôm > Thịt nghêu","Câu đơn / Câu đáy","bottom","Mai nâu rộng, hai càng và bốn đôi chân bò; không có chân bơi dạng mái chèo.","Ruộng ngập, ao và kênh nước ngọt; bờ bùn, gốc cỏ.","Động vật nhỏ, xác hữu cơ và thực vật.","Bám đáy, kéo chậm; ít bứt","Cua đồng là nhóm nhiều loài; S. sinensis là đại diện, cỡ đo là rộng mai.","public/assets/fish/fish_53.webp","https://www.researchgate.net/publication/330279406","Kích cỡ thường gặp, trung điểm, chiều dài ước tính, mồi ưu tiên, phân bố map, xác suất và sức kéo là tham số mô phỏng. Không phải trung bình quần thể khảo sát tại Việt Nam. Cỡ cực lớn công bố là tham chiếu riêng, TL/SL/FL không quy đổi lẫn nhau. Định danh đại diện cần đối chiếu ảnh/mẫu; ảnh người dùng chưa có trong repository."
"fish_54","fish_54","Ba ba","Có","Pelodiscus sinensis","reptile","representative","0.15–0.5","0.5–1.5","1","1.5–2.475","2.475–3","3","10–15","15–25","25–30.6","30.6–33","Dài mai","6.7","2–3.3","3.3–5.1","5.1–6","6–6.3","","","","Ao Làng · Kênh Đồng · Sông Bãi Bồi · Kênh Miền Tây","Cá mồi > Tôm > Giun > Thịt nghêu","Câu đáy / Câu đơn","bottom","Mai dẹt mềm phủ da, cổ dài, mõm dạng ống; chân có màng bơi.","Ao, kênh, sông nước ngọt, đáy bùn/cát.","Cá, giáp xác, nhuyễn thể và động vật nhỏ.","Ghì đáy, kéo nặng chậm","Chọn ba ba trơn đại diện; cỡ đo là dài mai, không gồm đầu/cổ.","public/assets/fish/fish_54.webp","https://www.biosch.hku.hk/ecology/hkreptiles/turtle/Pelodiscus_sinensis.html","Kích cỡ thường gặp, trung điểm, chiều dài ước tính, mồi ưu tiên, phân bố map, xác suất và sức kéo là tham số mô phỏng. Không phải trung bình quần thể khảo sát tại Việt Nam. Cỡ cực lớn công bố là tham chiếu riêng, TL/SL/FL không quy đổi lẫn nhau. Định danh đại diện cần đối chiếu ảnh/mẫu; ảnh người dùng chưa có trong repository."
"fish_55","fish_07","Cá trắm cỏ","Gộp vào fish_07","Ctenopharyngodon idella","fish","species_profile","0.2–1","1–5","3","5–21.25","21.25–30","30","20.5–35","35–70","70–111.7","111.7–125","Chiều dài","8.1","2.5–5.1","5.1–8.7","8.7–10","10–10","150","TL","45","Ao Làng · Hồ Núi · Hồ Dịch Vụ · Lòng Đập","Rong lá > Ngô > Mồi bột","Câu Đài / Câu đáy","bottom","Thân thuôn, vảy lớn viền sẫm; miệng không râu, lưng xanh ô liu.","Ao/hồ thả nuôi và hồ rộng, gần thảm thực vật.","Cỏ và cây thủy sinh; cá non ăn thêm động vật nhỏ.","Chạy dài, đổi hướng","fish_55 là ảnh thay thế của fish_07 theo lựa chọn người dùng; không tạo mục sưu tập thứ hai.","public/assets/fish/fish_55.webp","https://www.fishbase.se/summary/Ctenopharyngodon-idella.html","Kích cỡ thường gặp, trung điểm, chiều dài ước tính, mồi ưu tiên, phân bố map, xác suất và sức kéo là tham số mô phỏng. Không phải trung bình quần thể khảo sát tại Việt Nam. Cỡ cực lớn công bố là tham chiếu riêng, TL/SL/FL không quy đổi lẫn nhau. Định danh đại diện cần đối chiếu ảnh/mẫu; ảnh người dùng chưa có trong repository."
"fish_56","fish_56","Cua biển","Có","Scylla paramamosain","crustacean","representative","0.08–0.2","0.2–0.6","0.4","0.6–0.99","0.99–1.2","1.2","5.9–8","8–14","14–18.2","18.2–20","Rộng mai","3.3","1.3–1.6","1.6–2.3","2.3–2.7","2.7–2.8","","","","Cửa Sông","Thịt nghêu > Tôm > Cá mồi","Câu đáy / ISO biển","bottom","Mai rộng có răng cạnh, càng to; đôi chân cuối dẹt dạng mái chèo.","Cửa sông nước lợ, bùn ven rừng ngập mặn.","Nhuyễn thể, giáp xác, cá và xác hữu cơ.","Bám đáy, kéo chậm; ít bứt","Cua biển là tên chung; chọn cua bùn S. paramamosain theo nghiên cứu Việt Nam, không gọi là ghẹ.","public/assets/fish/fish_56.webp","https://ctujsvn.ctu.edu.vn/index.php/ctujsvn/article/view/2889","Kích cỡ thường gặp, trung điểm, chiều dài ước tính, mồi ưu tiên, phân bố map, xác suất và sức kéo là tham số mô phỏng. Không phải trung bình quần thể khảo sát tại Việt Nam. Cỡ cực lớn công bố là tham chiếu riêng, TL/SL/FL không quy đổi lẫn nhau. Định danh đại diện cần đối chiếu ảnh/mẫu; ảnh người dùng chưa có trong repository."
"fish_57","fish_57","Ếch đồng","Có","Hoplobatrachus rugulosus","amphibian","representative","0.025–0.06","0.06–0.18","0.12","0.18–0.2905","0.2905–0.35","0.35","4.5–6","6–10","10–12.1","12.1–13","Mõm–hậu môn","2.8","1.1–1.2","1.2–1.5","1.5–1.7","1.7–1.8","","","","Ao Làng · Kênh Đồng · Kênh Miền Tây","Dế > Giun","Câu đơn","surface","Thân chắc, da nâu/ô liu có vân sẫm và nếp dọc; chân sau dài khỏe.","Bờ ao, ruộng ngập và kênh nước ngọt; mép nước nông.","Côn trùng, giun và động vật nhỏ.","Giật ngắn ở mép nước","Người dùng chọn ếch đồng; không nhập chàng hiu/nhái cây vào loài này. Cỡ đo mõm–hậu môn.","public/assets/fish/fish_57.webp","https://amphibiaweb.org/cgi/amphib_query?account=iucn&where-genus=Hoplobatrachus&where-species=rugulosus","Kích cỡ thường gặp, trung điểm, chiều dài ước tính, mồi ưu tiên, phân bố map, xác suất và sức kéo là tham số mô phỏng. Không phải trung bình quần thể khảo sát tại Việt Nam. Cỡ cực lớn công bố là tham chiếu riêng, TL/SL/FL không quy đổi lẫn nhau. Định danh đại diện cần đối chiếu ảnh/mẫu; ảnh người dùng chưa có trong repository."
