id,name_vi,category,release_scope,technique_ids,price_xu,stats_json,tags,asset_family,affiliate_url,real_price_vnd,is_fictional,notes
rod_01,Cần tre ao,rod,MVP,don,0,"{""length_m"": 3.0, ""power_label"": ""bamboo"", ""action"": ""progressive"", ""cast_min_g"": 0, ""cast_max_g"": 0, ""sim_working_load_kgf"": 1.2, ""weight_g"": 146}",,rod,,,True,"Miễn phí vô hạn; gãy thì chế lại trong 60 giây chơi, không chặn tiến độ bằng chờ thực."
rod_02,Cần sợi thủy tinh 3.6,rod,MVP,"don,dai",45000,"{""length_m"": 3.6, ""power_label"": ""light"", ""action"": ""progressive"", ""cast_min_g"": 0, ""cast_max_g"": 0, ""sim_working_load_kgf"": 1.5, ""weight_g"": 159}",,rod,,,True,"Thông số game giả tưởng; sức tải kgf là tham số solver, không hiển thị như bảo đảm cần ngoài đời."
rod_03,Cần Đài nhập môn 3.6,rod,MVP,dai,90000,"{""length_m"": 3.6, ""power_label"": ""light"", ""action"": ""medium"", ""cast_min_g"": 0, ""cast_max_g"": 0, ""sim_working_load_kgf"": 1.8, ""weight_g"": 159}",,rod,,,True,"Thông số game giả tưởng; sức tải kgf là tham số solver, không hiển thị như bảo đảm cần ngoài đời."
rod_04,Cần Đài nhập môn 4.5,rod,MVP,dai,140000,"{""length_m"": 4.5, ""power_label"": ""medium"", ""action"": ""medium"", ""cast_min_g"": 0, ""cast_max_g"": 0, ""sim_working_load_kgf"": 2.2, ""weight_g"": 179}",,rod,,,True,"Thông số game giả tưởng; sức tải kgf là tham số solver, không hiển thị như bảo đảm cần ngoài đời."
rod_05,Cần Đài nhập môn 5.4,rod,MVP,dai,220000,"{""length_m"": 5.4, ""power_label"": ""medium"", ""action"": ""medium"", ""cast_min_g"": 0, ""cast_max_g"": 0, ""sim_working_load_kgf"": 2.2, ""weight_g"": 198}",,rod,,,True,"Thông số game giả tưởng; sức tải kgf là tham số solver, không hiển thị như bảo đảm cần ngoài đời."
rod_06,Cần Đài cân bằng 3.6,rod,MVP,dai,260000,"{""length_m"": 3.6, ""power_label"": ""medium"", ""action"": ""fast"", ""cast_min_g"": 0, ""cast_max_g"": 0, ""sim_working_load_kgf"": 2.5, ""weight_g"": 159}",,rod,,,True,"Thông số game giả tưởng; sức tải kgf là tham số solver, không hiển thị như bảo đảm cần ngoài đời."
rod_07,Cần Đài cân bằng 4.5,rod,MVP,dai,380000,"{""length_m"": 4.5, ""power_label"": ""medium"", ""action"": ""fast"", ""cast_min_g"": 0, ""cast_max_g"": 0, ""sim_working_load_kgf"": 2.7, ""weight_g"": 179}",,rod,,,True,"Thông số game giả tưởng; sức tải kgf là tham số solver, không hiển thị như bảo đảm cần ngoài đời."
rod_08,Cần Đài cân bằng 5.4,rod,MVP,dai,520000,"{""length_m"": 5.4, ""power_label"": ""medium"", ""action"": ""fast"", ""cast_min_g"": 0, ""cast_max_g"": 0, ""sim_working_load_kgf"": 2.7, ""weight_g"": 198}",,rod,,,True,"Thông số game giả tưởng; sức tải kgf là tham số solver, không hiển thị như bảo đảm cần ngoài đời."
rod_09,Cần Đài hồ sâu 6.3,rod,MVP,dai,680000,"{""length_m"": 6.3, ""power_label"": ""heavy"", ""action"": ""medium"", ""cast_min_g"": 0, ""cast_max_g"": 0, ""sim_working_load_kgf"": 3.5, ""weight_g"": 218}",,rod,,,True,"Thông số game giả tưởng; sức tải kgf là tham số solver, không hiển thị như bảo đảm cần ngoài đời."
rod_10,Cần Đài hồ sâu 7.2,rod,MVP,dai,850000,"{""length_m"": 7.2, ""power_label"": ""heavy"", ""action"": ""medium"", ""cast_min_g"": 0, ""cast_max_g"": 0, ""sim_working_load_kgf"": 3.5, ""weight_g"": 238}",,rod,,,True,"Thông số game giả tưởng; sức tải kgf là tham số solver, không hiển thị như bảo đảm cần ngoài đời."
rod_11,Cần Đài tốc độ 3.6,rod,MVP,dai,1200000,"{""length_m"": 3.6, ""power_label"": ""light"", ""action"": ""fast"", ""cast_min_g"": 0, ""cast_max_g"": 0, ""sim_working_load_kgf"": 2.0, ""weight_g"": 159}",,rod,,,True,"Thông số game giả tưởng; sức tải kgf là tham số solver, không hiển thị như bảo đảm cần ngoài đời."
rod_12,Cần Đài chép 4.5,rod,MVP,dai,1600000,"{""length_m"": 4.5, ""power_label"": ""heavy"", ""action"": ""fast"", ""cast_min_g"": 0, ""cast_max_g"": 0, ""sim_working_load_kgf"": 4, ""weight_g"": 179}",,rod,,,True,"Thông số game giả tưởng; sức tải kgf là tham số solver, không hiển thị như bảo đảm cần ngoài đời."
rod_13,Cần Đài chép 5.4,rod,MVP,dai,2200000,"{""length_m"": 5.4, ""power_label"": ""heavy"", ""action"": ""fast"", ""cast_min_g"": 0, ""cast_max_g"": 0, ""sim_working_load_kgf"": 4, ""weight_g"": 198}",,rod,,,True,"Thông số game giả tưởng; sức tải kgf là tham số solver, không hiển thị như bảo đảm cần ngoài đời."
rod_14,Cần Đài đại gia 6.3,rod,MVP,dai,8000000,"{""length_m"": 6.3, ""power_label"": ""heavy"", ""action"": ""medium"", ""cast_min_g"": 0, ""cast_max_g"": 0, ""sim_working_load_kgf"": 4.2, ""weight_g"": 218}",,rod,,,True,"Thông số game giả tưởng; sức tải kgf là tham số solver, không hiển thị như bảo đảm cần ngoài đời."
rod_15,Cần Đài mạ vàng,rod,MVP,dai,120000000,"{""length_m"": 4.5, ""power_label"": ""heavy"", ""action"": ""medium"", ""cast_min_g"": 0, ""cast_max_g"": 0, ""sim_working_load_kgf"": 4.0, ""weight_g"": 179}",,rod,,,True,"Thông số game giả tưởng; sức tải kgf là tham số solver, không hiển thị như bảo đảm cần ngoài đời."
rod_16,Lure suối UL 1.8,rod,MVP,lure,180000,"{""length_m"": 1.8, ""power_label"": ""UL"", ""action"": ""fast"", ""cast_min_g"": 1, ""cast_max_g"": 5, ""sim_working_load_kgf"": 0.8, ""weight_g"": 119}",,rod,,,True,"Thông số game giả tưởng; sức tải kgf là tham số solver, không hiển thị như bảo đảm cần ngoài đời."
rod_17,Lure nhẹ L 2.1,rod,MVP,lure,260000,"{""length_m"": 2.1, ""power_label"": ""L"", ""action"": ""fast"", ""cast_min_g"": 2, ""cast_max_g"": 8, ""sim_working_load_kgf"": 1.3, ""weight_g"": 126}",,rod,,,True,"Thông số game giả tưởng; sức tải kgf là tham số solver, không hiển thị như bảo đảm cần ngoài đời."
rod_18,Lure ao ML 2.1,rod,MVP,lure,340000,"{""length_m"": 2.1, ""power_label"": ""ML"", ""action"": ""fast"", ""cast_min_g"": 5, ""cast_max_g"": 15, ""sim_working_load_kgf"": 2, ""weight_g"": 126}",,rod,,,True,"Thông số game giả tưởng; sức tải kgf là tham số solver, không hiển thị như bảo đảm cần ngoài đời."
rod_19,Lure ao ML 2.4,rod,MVP,lure,450000,"{""length_m"": 2.4, ""power_label"": ""ML"", ""action"": ""fast"", ""cast_min_g"": 5, ""cast_max_g"": 15, ""sim_working_load_kgf"": 2, ""weight_g"": 132}",,rod,,,True,"Thông số game giả tưởng; sức tải kgf là tham số solver, không hiển thị như bảo đảm cần ngoài đời."
rod_20,Lure hồ M 2.4,rod,MVP,lure,650000,"{""length_m"": 2.4, ""power_label"": ""M"", ""action"": ""fast"", ""cast_min_g"": 7, ""cast_max_g"": 21, ""sim_working_load_kgf"": 3, ""weight_g"": 132}",,rod,,,True,"Thông số game giả tưởng; sức tải kgf là tham số solver, không hiển thị như bảo đảm cần ngoài đời."
rod_21,Lure lóc MH 2.1,rod,MVP,lure,780000,"{""length_m"": 2.1, ""power_label"": ""MH"", ""action"": ""fast"", ""cast_min_g"": 10, ""cast_max_g"": 30, ""sim_working_load_kgf"": 4, ""weight_g"": 126}",,rod,,,True,"Thông số game giả tưởng; sức tải kgf là tham số solver, không hiển thị như bảo đảm cần ngoài đời."
rod_22,Lure lóc MH 2.4,rod,MVP,lure,1100000,"{""length_m"": 2.4, ""power_label"": ""MH"", ""action"": ""fast"", ""cast_min_g"": 10, ""cast_max_g"": 30, ""sim_working_load_kgf"": 4, ""weight_g"": 132}",,rod,,,True,"Thông số game giả tưởng; sức tải kgf là tham số solver, không hiển thị như bảo đảm cần ngoài đời."
rod_23,Lure H 2.4,rod,MVP,lure,1600000,"{""length_m"": 2.4, ""power_label"": ""H"", ""action"": ""fast"", ""cast_min_g"": 15, ""cast_max_g"": 40, ""sim_working_load_kgf"": 5, ""weight_g"": 132}",,rod,,,True,"Thông số game giả tưởng; sức tải kgf là tham số solver, không hiển thị như bảo đảm cần ngoài đời."
rod_24,Lure thi đấu ML 2.4,rod,MVP,lure,2600000,"{""length_m"": 2.4, ""power_label"": ""ML"", ""action"": ""fast"", ""cast_min_g"": 5, ""cast_max_g"": 15, ""sim_working_load_kgf"": 2, ""weight_g"": 132}",,rod,,,True,"Thông số game giả tưởng; sức tải kgf là tham số solver, không hiển thị như bảo đảm cần ngoài đời."
rod_25,Lure đại gia M 2.7,rod,MVP,lure,15000000,"{""length_m"": 2.7, ""power_label"": ""M"", ""action"": ""fast"", ""cast_min_g"": 7, ""cast_max_g"": 21, ""sim_working_load_kgf"": 3, ""weight_g"": 139}",,rod,,,True,"Thông số game giả tưởng; sức tải kgf là tham số solver, không hiển thị như bảo đảm cần ngoài đời."
rod_26,Lure casting MH 2.1,rod,MVP,lure,1800000,"{""length_m"": 2.1, ""power_label"": ""MH"", ""action"": ""fast"", ""cast_min_g"": 10, ""cast_max_g"": 30, ""sim_working_load_kgf"": 4, ""weight_g"": 126}",,rod,,,True,"Thông số game giả tưởng; sức tải kgf là tham số solver, không hiển thị như bảo đảm cần ngoài đời."
rod_27,Lure casting H 2.4,rod,MVP,lure,3200000,"{""length_m"": 2.4, ""power_label"": ""H"", ""action"": ""fast"", ""cast_min_g"": 15, ""cast_max_g"": 40, ""sim_working_load_kgf"": 5, ""weight_g"": 132}",,rod,,,True,"Thông số game giả tưởng; sức tải kgf là tham số solver, không hiển thị như bảo đảm cần ngoài đời."
rod_28,Lăng xê M 2.7,rod,EXPANSION,bottom,650000,"{""length_m"": 2.7, ""power_label"": ""M"", ""action"": ""medium"", ""cast_min_g"": 30, ""cast_max_g"": 80, ""sim_working_load_kgf"": 4, ""weight_g"": 139}",,rod,,,True,"Thông số game giả tưởng; sức tải kgf là tham số solver, không hiển thị như bảo đảm cần ngoài đời."
rod_29,Lục hồ 4.2,rod,EXPANSION,luc,1800000,"{""length_m"": 4.2, ""power_label"": ""heavy"", ""action"": ""medium"", ""cast_min_g"": 50, ""cast_max_g"": 120, ""sim_working_load_kgf"": 5, ""weight_g"": 172}",,rod,,,True,"Thông số game giả tưởng; sức tải kgf là tham số solver, không hiển thị như bảo đảm cần ngoài đời."
rod_30,ISO số 1.5 - 5.3,rod,EXPANSION,iso,2800000,"{""length_m"": 5.3, ""power_label"": ""1.5"", ""action"": ""progressive"", ""cast_min_g"": 2, ""cast_max_g"": 15, ""sim_working_load_kgf"": 2.5, ""weight_g"": 196}",,rod,,,True,"Thông số game giả tưởng; sức tải kgf là tham số solver, không hiển thị như bảo đảm cần ngoài đời."
reel_01,Máy đứng 1000 - 01,reel,MVP,"lure,bottom,iso,luc",87000,"{""size_label"": ""1000"", ""reel_type"": ""spinning"", ""gear_ratio"": 5.2, ""max_drag_kgf"": 2.8, ""retrieve_cm_turn"": 54, ""weight_g"": 190}",,reel,,,True,Giá và thông số giả tưởng để cân bằng game; không phải sản phẩm thật.
reel_02,Máy đứng 1000 - 02,reel,MVP,"lure,bottom,iso,luc",123000,"{""size_label"": ""1000"", ""reel_type"": ""spinning"", ""gear_ratio"": 5.2, ""max_drag_kgf"": 2.8, ""retrieve_cm_turn"": 54, ""weight_g"": 190}",,reel,,,True,Giá và thông số giả tưởng để cân bằng game; không phải sản phẩm thật.
reel_03,Máy đứng 2000 - 03,reel,MVP,"lure,bottom,iso,luc",183000,"{""size_label"": ""2000"", ""reel_type"": ""spinning"", ""gear_ratio"": 5.2, ""max_drag_kgf"": 3.7, ""retrieve_cm_turn"": 69, ""weight_g"": 230}",,reel,,,True,Giá và thông số giả tưởng để cân bằng game; không phải sản phẩm thật.
reel_04,Máy đứng 2000 - 04,reel,MVP,"lure,bottom,iso,luc",267000,"{""size_label"": ""2000"", ""reel_type"": ""spinning"", ""gear_ratio"": 5.2, ""max_drag_kgf"": 3.7, ""retrieve_cm_turn"": 69, ""weight_g"": 230}",,reel,,,True,Giá và thông số giả tưởng để cân bằng game; không phải sản phẩm thật.
reel_05,Máy đứng 2500 - 05,reel,MVP,"lure,bottom,iso,luc",375000,"{""size_label"": ""2500"", ""reel_type"": ""spinning"", ""gear_ratio"": 5.2, ""max_drag_kgf"": 4.1, ""retrieve_cm_turn"": 76, ""weight_g"": 250}",,reel,,,True,Giá và thông số giả tưởng để cân bằng game; không phải sản phẩm thật.
reel_06,Máy đứng 2500 - 06,reel,MVP,"lure,bottom,iso,luc",507000,"{""size_label"": ""2500"", ""reel_type"": ""spinning"", ""gear_ratio"": 5.2, ""max_drag_kgf"": 4.1, ""retrieve_cm_turn"": 76, ""weight_g"": 250}",,reel,,,True,Giá và thông số giả tưởng để cân bằng game; không phải sản phẩm thật.
reel_07,Máy đứng 3000 - 07,reel,MVP,"lure,bottom,iso,luc",663000,"{""size_label"": ""3000"", ""reel_type"": ""spinning"", ""gear_ratio"": 5.2, ""max_drag_kgf"": 4.5, ""retrieve_cm_turn"": 83, ""weight_g"": 270}",,reel,,,True,Giá và thông số giả tưởng để cân bằng game; không phải sản phẩm thật.
reel_08,Máy đứng 3000 - 08,reel,MVP,"lure,bottom,iso,luc",843000,"{""size_label"": ""3000"", ""reel_type"": ""spinning"", ""gear_ratio"": 5.2, ""max_drag_kgf"": 4.5, ""retrieve_cm_turn"": 83, ""weight_g"": 270}",,reel,,,True,Giá và thông số giả tưởng để cân bằng game; không phải sản phẩm thật.
reel_09,Máy đứng 4000 - 09,reel,MVP,"lure,bottom,iso,luc",1047000,"{""size_label"": ""4000"", ""reel_type"": ""spinning"", ""gear_ratio"": 5.2, ""max_drag_kgf"": 5.3, ""retrieve_cm_turn"": 97, ""weight_g"": 310}",,reel,,,True,Giá và thông số giả tưởng để cân bằng game; không phải sản phẩm thật.
reel_10,Máy đứng 4000 - 10,reel,MVP,"lure,bottom,iso,luc",1275000,"{""size_label"": ""4000"", ""reel_type"": ""spinning"", ""gear_ratio"": 5.2, ""max_drag_kgf"": 5.3, ""retrieve_cm_turn"": 97, ""weight_g"": 310}",,reel,,,True,Giá và thông số giả tưởng để cân bằng game; không phải sản phẩm thật.
reel_11,Máy đứng 5000 - 11,reel,MVP,"lure,bottom,iso,luc",1527000,"{""size_label"": ""5000"", ""reel_type"": ""spinning"", ""gear_ratio"": 5.2, ""max_drag_kgf"": 6.2, ""retrieve_cm_turn"": 111, ""weight_g"": 350}",,reel,,,True,Giá và thông số giả tưởng để cân bằng game; không phải sản phẩm thật.
reel_12,Máy đứng 5000 - 12,reel,MVP,"lure,bottom,iso,luc",1803000,"{""size_label"": ""5000"", ""reel_type"": ""spinning"", ""gear_ratio"": 5.2, ""max_drag_kgf"": 6.2, ""retrieve_cm_turn"": 111, ""weight_g"": 350}",,reel,,,True,Giá và thông số giả tưởng để cân bằng game; không phải sản phẩm thật.
reel_13,Máy đứng 6000 - 13,reel,MVP,"lure,bottom,iso,luc",2103000,"{""size_label"": ""6000"", ""reel_type"": ""spinning"", ""gear_ratio"": 5.2, ""max_drag_kgf"": 7.0, ""retrieve_cm_turn"": 126, ""weight_g"": 390}",,reel,,,True,Giá và thông số giả tưởng để cân bằng game; không phải sản phẩm thật.
reel_14,Máy ngang 2500 - 14,reel,EXPANSION,"lure,bottom,iso,luc",2427000,"{""size_label"": ""2500"", ""reel_type"": ""baitcasting"", ""gear_ratio"": 6.3, ""max_drag_kgf"": 4.1, ""retrieve_cm_turn"": 76, ""weight_g"": 250}",,reel,,,True,Giá và thông số giả tưởng để cân bằng game; không phải sản phẩm thật.
reel_15,Máy ngang 4000 - 15,reel,EXPANSION,"lure,bottom,iso,luc",2775000,"{""size_label"": ""4000"", ""reel_type"": ""baitcasting"", ""gear_ratio"": 6.3, ""max_drag_kgf"": 5.3, ""retrieve_cm_turn"": 97, ""weight_g"": 310}",,reel,,,True,Giá và thông số giả tưởng để cân bằng game; không phải sản phẩm thật.
other_01,Giun đất,bait,MVP,"don,dai,lure,bottom,iso",0,"{""portions"": 6}",worm,bait,,,True,Giá và thông số giả tưởng để cân bằng game; không phải sản phẩm thật.
other_02,Dế,bait,MVP,"don,dai,lure,bottom,iso",8000,"{""portions"": 8}",cricket,bait,,,True,Giá và thông số giả tưởng để cân bằng game; không phải sản phẩm thật.
other_03,Tôm nhỏ,bait,MVP,"don,dai,lure,bottom,iso",15000,"{""portions"": 10}",shrimp,bait,,,True,Giá và thông số giả tưởng để cân bằng game; không phải sản phẩm thật.
other_04,Cá mồi,bait,MVP,"don,dai,lure,bottom,iso",18000,"{""portions"": 8}",livefish,bait,,,True,Giá và thông số giả tưởng để cân bằng game; không phải sản phẩm thật.
other_05,Ngô luộc,bait,MVP,"don,dai,lure,bottom,iso",6000,"{""portions"": 20}",corn,bait,,,True,Giá và thông số giả tưởng để cân bằng game; không phải sản phẩm thật.
other_06,Rau lá,bait,MVP,"don,dai,lure,bottom,iso",2000,"{""portions"": 12}",leaf,bait,,,True,Giá và thông số giả tưởng để cân bằng game; không phải sản phẩm thật.
other_07,Cám nền,bait,MVP,"don,dai,lure,bottom,iso",12000,"{""portions"": 20}",dough,bait,,,True,Giá và thông số giả tưởng để cân bằng game; không phải sản phẩm thật.
other_08,Mồi bột chép,bait,MVP,"don,dai,lure,bottom,iso",24000,"{""portions"": 20}",dough,bait,,,True,Giá và thông số giả tưởng để cân bằng game; không phải sản phẩm thật.
other_09,Mồi mây mè,bait,MVP,"don,dai,lure,bottom,iso",28000,"{""portions"": 20}",cloudbait,bait,,,True,Giá và thông số giả tưởng để cân bằng game; không phải sản phẩm thật.
other_10,Nhái nổi 7g,lure,MVP,"don,dai,lure,bottom,iso",35000,"{""weight_g"": 7, ""buoyancy"": ""float"", ""retrieve"": ""walk""}",frog,lure,,,True,Giá và thông số giả tưởng để cân bằng game; không phải sản phẩm thật.
other_11,Nhái chìm 12g,lure,MVP,"don,dai,lure,bottom,iso",45000,"{""weight_g"": 12, ""buoyancy"": ""sink"", ""retrieve"": ""stopgo""}",frog,lure,,,True,Giá và thông số giả tưởng để cân bằng game; không phải sản phẩm thật.
other_12,Mồi mềm 5g,lure,MVP,"don,dai,lure,bottom,iso",22000,"{""weight_g"": 5, ""buoyancy"": ""sink"", ""retrieve"": ""hop""}",softbait,lure,,,True,Giá và thông số giả tưởng để cân bằng game; không phải sản phẩm thật.
other_13,Minnow 9g,lure,MVP,"don,dai,lure,bottom,iso",48000,"{""weight_g"": 9, ""buoyancy"": ""suspend"", ""retrieve"": ""twitch""}",hardbait,lure,,,True,Giá và thông số giả tưởng để cân bằng game; không phải sản phẩm thật.
other_14,Spinner 6g,lure,MVP,"don,dai,lure,bottom,iso",30000,"{""weight_g"": 6, ""buoyancy"": ""sink"", ""retrieve"": ""steady""}",metal,lure,,,True,Giá và thông số giả tưởng để cân bằng game; không phải sản phẩm thật.
other_15,Spoon 14g,lure,MVP,"don,dai,lure,bottom,iso",35000,"{""weight_g"": 14, ""buoyancy"": ""sink"", ""retrieve"": ""steady""}",metal,lure,,,True,Giá và thông số giả tưởng để cân bằng game; không phải sản phẩm thật.
other_16,Dây mono 0.16,line,MVP,"don,dai,lure,bottom,iso",12000,"{""diameter_mm"": 0.16, ""nominal_break_kgf"": 1.4, ""material"": ""mono""}",,line,,,True,Giá và thông số giả tưởng để cân bằng game; không phải sản phẩm thật.
other_17,Dây mono 0.22,line,MVP,"don,dai,lure,bottom,iso",18000,"{""diameter_mm"": 0.22, ""nominal_break_kgf"": 2.8, ""material"": ""mono""}",,line,,,True,Giá và thông số giả tưởng để cân bằng game; không phải sản phẩm thật.
other_18,Dây mono 0.28,line,MVP,"don,dai,lure,bottom,iso",25000,"{""diameter_mm"": 0.28, ""nominal_break_kgf"": 4.0, ""material"": ""mono""}",,line,,,True,Giá và thông số giả tưởng để cân bằng game; không phải sản phẩm thật.
other_19,Dây braid PE mẫu,line,MVP,"don,dai,lure,bottom,iso",60000,"{""pe_label"": ""1.0"", ""nominal_break_kgf"": 5.0, ""material"": ""braid""}",,line,,,True,Giá và thông số giả tưởng để cân bằng game; không phải sản phẩm thật.
other_20,Leader mẫu 0.30,line,MVP,"don,dai,lure,bottom,iso",28000,"{""diameter_mm"": 0.3, ""nominal_break_kgf"": 4.5, ""material"": ""leader""}",,line,,,True,Giá và thông số giả tưởng để cân bằng game; không phải sản phẩm thật.
other_21,Lưỡi nhỏ,hook,MVP,"don,dai,lure,bottom,iso",3000,"{""size_profile"": ""small"", ""sim_break_kgf"": 2.0}",,hook,,,True,Giá và thông số giả tưởng để cân bằng game; không phải sản phẩm thật.
other_22,Lưỡi vừa,hook,MVP,"don,dai,lure,bottom,iso",5000,"{""size_profile"": ""medium"", ""sim_break_kgf"": 4.0}",,hook,,,True,Giá và thông số giả tưởng để cân bằng game; không phải sản phẩm thật.
other_23,Lưỡi lớn,hook,MVP,"don,dai,lure,bottom,iso",8000,"{""size_profile"": ""large"", ""sim_break_kgf"": 6.0}",,hook,,,True,Giá và thông số giả tưởng để cân bằng game; không phải sản phẩm thật.
other_24,Phao thon 1.2g,float,MVP,"don,dai,lure,bottom,iso",18000,"{""capacity_g"": 1.2, ""tip_marks"": 8, ""tip_equivalent_g_per_mark"": 0.04}",,float,,,True,Giá và thông số giả tưởng để cân bằng game; không phải sản phẩm thật.
other_25,Phao hồ 2.0g,float,MVP,"don,dai,lure,bottom,iso",28000,"{""capacity_g"": 2, ""tip_marks"": 10, ""tip_equivalent_g_per_mark"": 0.06}",,float,,,True,Giá và thông số giả tưởng để cân bằng game; không phải sản phẩm thật.
other_26,Phao ISO,float,EXPANSION,"don,dai,lure,bottom,iso",40000,"{""capacity_g"": 3, ""tip_marks"": 5, ""tip_equivalent_g_per_mark"": 0.08}",,float,,,True,Giá và thông số giả tưởng để cân bằng game; không phải sản phẩm thật.
other_27,Chì lá,weight,MVP,"don,dai,lure,bottom,iso",6000,"{""pack_mass_g"": 10, ""cut_step_g"": 0.02}",,weight,,,True,Giá và thông số giả tưởng để cân bằng game; không phải sản phẩm thật.
other_28,Chì đáy,weight,EXPANSION,"don,dai,lure,bottom,iso",14000,"{""mass_g"": 50}",,weight,,,True,Giá và thông số giả tưởng để cân bằng game; không phải sản phẩm thật.
other_29,Lò xo mồi,accessory,EXPANSION,"don,dai,lure,bottom,iso",16000,"{""empty_mass_g"": 12}",,accessory,,,True,Giá và thông số giả tưởng để cân bằng game; không phải sản phẩm thật.
other_30,Vợt cá,accessory,MVP,"don,dai,lure,bottom,iso",30000,"{""landing_radius_m"": 0.8}",,accessory,,,True,Giá và thông số giả tưởng để cân bằng game; không phải sản phẩm thật.
