id,name_vi,release_scope,region_art,depth_min_m,depth_max_m,sim_current_m_s,visual_landmarks,spots,fish_ids,technique_ids,unlock_rule,learning_goal,ecology_status
AO,Ao Làng,MVP,Bắc Bộ giả tưởng,0.7,3.2,0,Cầu tre; bờ chuối; hố bùn,"Mép bèo, bãi cạn, chân cầu, hố bùn","fish_01,fish_02,fish_03,fish_04,fish_05,fish_06,fish_07,fish_08,fish_09,fish_10","don,dai,lure",Miễn phí; bằng nhập môn,Dò đáy; đừng giật khi phao chỉ rung,fictional_composite_pending_review
KENH,Kênh Đồng,MVP,Đồng bằng giả tưởng,0.4,2.5,0.08,Lục bình; cầu bê tông; đường đất,"Mép cỏ, cống nhỏ, dòng chậm","fish_03,fish_04,fish_05,fish_06,fish_11,fish_12","don,dai,lure",Bằng nhập môn; 3000 xu/chuyến,Đưa mồi qua mép bèo; xử lý vướng,fictional_composite_pending_review
HO,Hồ Núi,MVP,Hồ chứa giả tưởng,1.5,12,0.03,Núi thấp; cây chìm; bãi đá,"Drop-off, vịnh kín, cây chìm","fish_01,fish_02,fish_04,fish_06,fish_07,fish_08,fish_09,fish_10","dai,lure",Bằng câu Đài hoặc lure; 6000 xu/chuyến,Chọn điểm; giữ tải khi cá chạy,fictional_composite_pending_review
SONG,Sông Bãi Bồi,EXPANSION,Bắc Bộ giả tưởng,1,9,0.45,Bãi ngô; chân cầu; dòng giao nhau,"Chân cầu, nước quẩn, rìa luồng","fish_01,fish_13,fish_17,fish_18,fish_19,fish_20,fish_21,fish_28,fish_29,fish_33","bottom,don,dai",Bằng lăng xê,Giữ mồi khi dòng chảy,fictional_composite_pending_review
DAP,Lòng Đập,EXPANSION,Hồ thủy điện giả tưởng,3,30,0.35,Vách đá; lòng hồ rộng; vùng xả cấm,"Vịnh an toàn, bãi đá, lòng cũ","fish_17,fish_19","bottom,lure",Bằng hồ sâu; khu câu được phép,Câu sâu; không đi vào vùng xả,fictional_composite_pending_review
SUOI,Suối Đại Ngàn,EXPANSION,Miền núi giả tưởng,0.2,3,0.6,Đá cuội; tre; nước nông trong,"Sau đá, mép hố, bóng cây","fish_18,fish_29","don,lure",Duyệt quần thể suối trước sản xuất,Tiếp cận kín; không dùng tên cá suối làm loài,fictional_composite_pending_review
MT,Kênh Miền Tây,EXPANSION,Nam Bộ giả tưởng,0.5,5,0.15,Bến xuồng; dừa nước; bè cá,"Mép cỏ, giao kênh, bến vắng","fish_03,fish_04,fish_05,fish_06,fish_11,fish_12,fish_15,fish_16,fish_22,fish_23,fish_24,fish_25,fish_26,fish_28,fish_30,fish_35","don,lure,bottom",Bằng dòng chảy,Độ đục; giờ nước; sinh thái khác ao Bắc Bộ,fictional_composite_pending_review
DICHVU,Hồ Dịch Vụ,EXPANSION,Quần thể thả nuôi giả tưởng,1.2,5,0,Lều câu; bàn mồi; chủ hồ,"Ô gần bờ, góc yên, dải xả mồi","fish_31,fish_32","dai,bottom,luc",Bằng câu Đài; phí phiên cố định,Cá cảnh giác; tính chi phí chuyến,fictional_composite_pending_review
CSONG,Cửa Sông,EXPANSION,Nước lợ giả tưởng,0.6,8,0.35,Bãi bùn; rừng ngập mặn; thuyền,"Rìa cát, dòng giao nhau, chân kè","fish_26,fish_34,fish_35,fish_36,fish_37,fish_39,fish_40,fish_41,fish_44,fish_47,fish_48,fish_50","iso,lure,bottom",Bằng nước lợ,Thủy triều; độ mặn; kiểm tra alias,fictional_composite_pending_review
GHE,Ghềnh Biển,EXPANSION,Ven biển giả tưởng,1.5,18,0.55,Kè đá; bọt sóng; vịnh an toàn,"Mép đá, khe đá, bãi cát","fish_35,fish_36,fish_37,fish_38,fish_39,fish_40,fish_41,fish_42,fish_43,fish_44,fish_45,fish_46,fish_49,fish_50","iso,lure,bottom",Bằng ISO; điều kiện an toàn,Điều khiển dây; không dạy đứng trên đá trơn,fictional_composite_pending_review
